timestamp,c1,c2,c3,c4,c5,c6,c7,c8,c1_pre,c1_pre_dev,c1_pre_dev_rate,c3_pre,c3_pre_dev,c3_pre_dev_rate,c4_pre,c4_pre_dev,c4_pre_dev_rate,c5_pre,c5_pre_dev,c5_pre_dev_rate,c6_pre,c6_pre_dev,c6_pre_dev_rate,c7_pre,c7_pre_dev,c7_pre_dev_rate,c8_pre,c8_pre_dev,c8_pre_dev_rate
2018-09-14 19:50:00,53901.0,52.0,1015.0,2265.0,148962.365777,18.0,0.0,51.0,473504.718857,-419603.718857,-0.886165865189,5894.99181562,-4879.99181562,-0.827819947551,38756.7439231,-36491.7439231,-0.941558558054,852636.235259,-703673.869482,-0.825292006583,29.8907064979,-11.8907064979,-0.397806137461,165.030425149,-165.030425149,-1.0,46.9632010864,4.03679891362,0.0859566388202
2018-09-15 01:55:00,579451.0,3494.0,5418.0,321040.308169,1149556.0,46.0,560.0,0.0,217294.517342,362156.482658,1.6666618518,2245.8897023,3172.1102977,1.41240698261,5659.99964199,315380.308527,55.7209060911,465405.691219,684150.308781,1.47000847151,22.241720424,23.758279576,1.06818533473,74.3794751681,485.620524832,6.52895874479,15.7561773253,-15.7561773253,-1.0
2018-09-15 10:20:00,581924.957702,691.0,3788.0,9251.0,882093.0,18.0,202.0,0.0,500312.236894,81612.7208076,0.163123575218,4730.82718123,-942.827181234,-0.199294361243,15078.3237568,-5827.32375685,-0.386470263593,1066579.05377,-184486.053769,-0.172969882652,31.508950211,-13.508950211,-0.428733744556,332.038214659,-130.038214659,-0.391636290397,7.63680302625,-7.63680302625,-1.0
2018-09-15 12:05:00,545038.0,565.0,8230.0,299156.896965,1200467.0,49.0,152.0,102.0,493934.553732,51103.4462677,0.10346197868,4844.50758612,3385.49241388,0.698831068731,15910.4159974,283246.480968,17.8025817184,1057547.24754,142919.752457,0.135142664112,29.8534014158,19.1465985842,0.64135400578,289.979276727,-137.979276727,-0.475824611622,9.32914621273,92.6708537873,9.93347640547
2018-09-15 18:55:00,98622.0,81.0,1425.0,7782.0,298340.02671,19.0,5.0,40.0,415896.378667,-317274.378667,-0.76286881767,5047.79905411,-3622.79905411,-0.717698746577,33409.4519136,-25627.4519136,-0.767071904678,848529.886152,-550189.859442,-0.648403631294,17.4169595384,1.58304046162,0.0908907469255,106.027513752,-101.027513752,-0.952842429073,27.8514723404,12.1485276596,0.436189782395
2018-09-15 20:10:00,159552.856619,71.0,1409.0,6472.0,152062.0,16.0,0.0,108.0,364288.56274,-204735.706121,-0.562015190872,4743.82818078,-3334.82818078,-0.702982497193,32480.4739189,-26008.4739189,-0.800741823652,740748.884938,-588686.884938,-0.794718557001,16.5388796728,-0.538879672759,-0.032582598303,61.6021531635,-61.6021531635,-1.0,39.1793426467,68.8206573533,1.75655467153
2018-09-16 01:35:00,623567.996151,1977.0,4553.0,14568.0,1215100.70452,8.0,12.0,3.0,219931.320777,403636.675374,1.83528509695,2948.3573415,1604.6426585,0.544249720315,8888.41091554,5679.58908446,0.638988131672,478182.822318,736917.882202,1.5410797875,15.7950645513,-7.7950645513,-0.493512674544,29.1835224488,-17.1835224488,-0.588809060967,53.3184358222,-50.3184358222,-0.943734283391
2018-09-16 04:30:00,497475.153226,699.0,7272.62382943,12154.8303794,1163945.32883,15.0,400.333796077,24.0,298116.464849,199358.688377,0.668727533981,3479.45748527,3793.16634416,1.09016027936,8817.81162159,3337.01875781,0.378440694927,670731.135272,493214.193558,0.735338152088,24.4485037478,-9.44850374784,-0.386465521379,57.2915746271,343.04222145,5.98765566635,44.4929331236,-20.4929331236,-0.460588495406
2018-09-16 07:10:00,483856.533674,1408.0,4366.25683067,11666.8318618,1096560.75317,32.0,173.838319394,0.0,392436.832925,91419.7007493,0.232953925522,4465.45807872,-99.2012480484,-0.0222152456253,9904.33747885,1762.49438295,0.177951769789,886475.809535,210084.943635,0.23698891879,28.3577577481,3.64224225192,0.128439007212,120.04175235,53.7965670438,0.448148798151,21.8438830251,-21.8438830251,-1.0
2018-09-16 07:45:00,419527.0,1255.0,3723.0,8123.0,1140442.62092,22.0,252.0,4.0,414317.962798,5209.03720169,0.0125725594095,4607.57192966,-884.571929662,-0.191982229071,10289.1851798,-2166.18517984,-0.210530293894,932024.543022,208418.077898,0.223618658391,28.6066421732,-6.60664217318,-0.230947838379,134.230936883,117.769063117,0.877361552051,16.4212575291,-12.4212575291,-0.75641329582
2018-09-16 08:20:00,410303.0,1002.0,126518.066059,9514.0,1129985.5963,18.0,291.0,1.0,432382.763445,-22079.7634449,-0.0510653183051,4697.31816763,121820.747891,25.9341061312,10620.1385753,-1106.13857531,-0.104154815633,973242.529777,156743.066523,0.161052421907,29.4251785274,-11.4251785274,-0.388278987561,152.805641536,138.194358464,0.904379950075,10.6110436199,-9.6110436199,-0.905758562888
2018-09-16 08:50:00,650831.08991,1023.0,4182.0,13078.4725075,954056.0,27.0,228.261005271,0.0,445261.734941,205569.354969,0.461682059869,5765.46456576,-1583.46456576,-0.274646482985,10880.0610698,2198.41143772,0.202058740629,995190.779976,-41134.7799762,-0.041333562171,30.3398983142,-3.33989831425,-0.110082712857,166.958299551,61.3027057205,0.367173754677,7.89133265065,-7.89133265065,-1.0
2018-09-16 09:25:00,386261.0,959.0,3607.0,8980.0,1403785.43624,18.0,305.0,15.0,457331.261828,-71070.2618281,-0.155402151045,5775.14151652,-2168.14151652,-0.375426560599,11093.7576174,-2113.75761739,-0.190535767076,1009444.22681,394341.209426,0.390651805173,30.4529729375,-12.4529729375,-0.408924703773,183.643012504,121.356987496,0.660830955891,6.05414323657,8.94585676343,1.47764207318
2018-09-16 10:20:00,517002.946832,821.0,3557.0,13867.0,905682.296905,13.0,342.0,2.0,461701.82958,55301.1172523,0.119776690733,5742.67635688,-2185.67635688,-0.380602391821,11279.096882,2587.90311803,0.229442405284,1018853.20876,-113170.911857,-0.11107675854,31.7529341513,-18.7529341513,-0.590589016496,198.970207464,143.029792536,0.718850296026,4.95977033322,-2.95977033322,-0.596755521802
2018-09-16 14:00:00,731104.602444,231.0,5948.0,28144.0,1160854.0,129.0,241.0,0.0,461635.760214,269468.84223,0.583726100649,5921.63017107,26.3698289328,0.00445313674968,18650.0471882,9493.95281179,0.509057843982,1000266.69151,160587.308486,0.160544492632,19.1229472764,109.877052724,5.74582208147,233.269822999,7.73017700132,0.0331383498386,15.060978617,-15.060978617,-1.0
2018-09-16 20:20:00,108343.207577,44.0,589.0,4489.0,133195.0,3.0,0.0,0.0,355004.689293,-246661.481716,-0.694811897294,3952.03809388,-3363.03809388,-0.85096297505,19748.645261,-15259.645261,-0.772693268795,715830.132927,-582635.132927,-0.813929319439,13.499378737,-10.499378737,-0.777767550756,86.376920712,-86.376920712,-1.0,26.1186546536,-26.1186546536,-1.0
2018-09-17 01:30:00,509627.0,11864.0,4943.0,8345.0,1419174.4307,220.0,361.0,2.0,209098.035557,300528.964443,1.43726345225,2240.98146215,2702.01853785,1.20572998193,5954.97983216,2390.02016784,0.401348154855,487189.521364,931984.909336,1.9129822553,35.2700300798,184.72996992,5.2375903707,42.7932905377,318.206709462,7.4359018777,23.0193821382,-21.0193821382,-0.913116694966
2018-09-17 02:45:00,961258.630226,8342.0,5168.0,18494.5609254,1261910.0,153.0,251.0,0.0,237542.078359,723716.551867,3.04668779893,2322.48376409,2845.51623591,1.22520393033,5485.9237126,13008.6372128,2.37127563092,552583.696042,709326.303958,1.28365405827,57.6547785908,95.3452214092,1.65372626068,70.9793336415,180.020666358,2.5362405805,23.0012826137,-23.0012826137,-1.0
2018-09-17 04:05:00,626105.405731,2986.0,5133.0,8466.0,1356689.64827,62.0,199.0,2.0,295657.664978,330447.740753,1.11767012966,2790.98243917,2342.01756083,0.839137333133,6012.3720044,2453.6279956,0.408096503977,668240.965551,688448.682719,1.03024016516,82.2620133643,-20.2620133643,-0.246310691115,114.138737001,84.8612629987,0.743492220329,19.2237799693,-17.2237799693,-0.895962188332
2018-09-17 04:40:00,560357.840854,1348.0,7547.71228813,9592.07196445,1425542.64088,88.0,210.098723163,1.0,320699.170095,239658.670759,0.747300564229,3081.88713339,4465.82515474,1.44905538764,6517.0702203,3075.00174415,0.471838056091,729108.621741,696434.019139,0.955185549001,85.3756185214,2.6243814786,0.0307392382515,127.963499415,82.1352237484,0.641864470136,18.6116602541,-17.6116602541,-0.946270242077
2018-09-17 05:50:00,508405.243603,3977.0,5316.94805939,10357.0548798,1251871.24443,68.0,227.328534274,0.0,369838.567419,138566.676184,0.374667999474,3621.47543954,1695.47261985,0.468171784721,7114.3295809,3242.7252989,0.455801950419,845664.524315,406206.720115,0.480340263113,90.81879179,-22.81879179,-0.251256280119,144.624169656,82.704364618,0.571857144036,16.0300858385,-16.0300858385,-1.0
2018-09-17 07:55:00,616440.775783,5224.0,4549.0,9522.0,1212987.04243,111.0,81.0,2.0,459708.124804,156732.650979,0.340939484257,4550.05630285,-1.05630284773,-0.000232151599326,8497.56844722,1024.43155278,0.120555845963,1039770.17689,173216.86554,0.166591492418,126.43359268,-15.43359268,-0.122068766321,184.512104754,-103.512104754,-0.561004411564,7.26882385547,-5.26882385547,-0.724852322774
2018-09-17 08:30:00,514920.0,5274.0,6048.34231906,8789.0,1308578.92615,82.0,131.0,2.0,482187.979438,32732.020562,0.0678822823418,4676.17918757,1372.16313149,0.293436815923,8737.71455965,51.2854403545,0.00586943416433,1079654.66594,228924.260213,0.2120347065,133.237995911,-51.237995911,-0.384559941484,190.700373094,-59.7003730937,-0.313058501801,5.61111557613,-3.61111557613,-0.643564640068
2018-09-17 09:40:00,493170.0,6164.0,6385.0,7195.0,1637087.15747,80.0,137.0,0.0,512223.051247,-19053.0512465,-0.0371967860489,4996.34450239,1388.65549761,0.277934297153,9353.50274055,-2158.50274055,-0.230769456152,1135667.39885,501419.758619,0.441519901976,149.026808995,-69.0268089948,-0.463183835582,202.140607739,-65.1406077388,-0.32225394228,3.20284446201,-3.20284446201,-1.0
2018-09-17 11:35:00,624927.635638,1088.0,7335.77077926,31602.8663663,1995792.27076,113.0,348.0,0.0,526682.628428,98245.00721,0.186535499573,5276.32995227,2059.44082699,0.390316914526,9639.85016032,21963.016206,2.27835659691,1197705.85688,798086.413882,0.66634592233,143.274348407,-30.2743484075,-0.211303340367,217.199560096,130.800439904,0.60221318978,3.03484641821,-3.03484641821,-1.0
2018-09-17 12:30:00,562553.0,962.0,4397.0,15222.0,1922554.55045,31.0,312.0,0.0,520609.425794,41943.5742063,0.0805662981272,5268.1164531,-871.116453104,-0.165356339568,10440.3084685,4781.69153149,0.458002897703,1213218.54445,709336.006004,0.584672901063,134.843792395,-103.843792395,-0.77010435965,224.374576175,87.625423825,0.390531874506,2.7562329003,-2.7562329003,-1.0
2018-09-17 13:20:00,641160.140371,532.0,5980.98435279,19461.5841589,1844767.2303,36.0,5.0,0.0,515701.931136,125458.209235,0.243276593824,5249.25637413,731.727978664,0.139396502383,10895.1469078,8566.43725106,0.78626174787,1246529.41808,598237.812222,0.479922738722,116.675212085,-80.675212085,-0.691451171533,209.944825281,-204.944825281,-0.976184218909,2.15365650455,-2.15365650455,-1.0
2018-09-17 14:00:00,1163405.80155,421.0,7885.0,19108.0,1642476.0,57.0,25.0,0.0,518304.563474,645101.238076,1.24463738801,5272.74934942,2612.25065058,0.495424773202,11623.4271385,7484.57286155,0.643921347155,1279844.14862,362631.851376,0.283340633128,110.538539032,-53.5385390318,-0.484342741461,191.362439515,-166.362439515,-0.869357852756,2.17637079452,-2.17637079452,-1.0
2018-09-17 20:05:00,99520.9897886,89.0,347.0,1833.0,110696.0,23.0,11.0,0.0,383289.286241,-283768.296453,-0.740350191458,3682.05259382,-3335.05259382,-0.905759086499,10728.987866,-8895.98786598,-0.829154434426,964690.059109,-853994.059109,-0.885252264233,47.7829906775,-24.7829906775,-0.518657169133,118.107211196,-107.107211196,-0.906864281286,1.93222864362,-1.93222864362,-1.0
2018-09-17 23:25:00,322938.226939,199.0,3905.64418245,5520.77641745,911758.383237,34.0,6.63496861961,0.0,248667.535238,74270.691701,0.298674660646,2505.52113114,1400.12305131,0.558815103937,6983.54592233,-1462.76950488,-0.209459423786,608426.068869,303332.314368,0.498552461652,28.0696968621,5.9303031379,0.211270651302,37.3982518719,-30.7632832523,-0.822586129364,2.13310983658,-2.13310983658,-1.0
2018-09-18 01:25:00,560805.156173,11682.0,4641.71002741,6987.7402512,1402502.18838,171.0,302.0,2.0,203520.691964,357284.464209,1.75551911091,1894.9921462,2746.71788121,1.44946135355,4723.38257488,2264.35767632,0.479393239999,503421.576388,899080.611992,1.78593976532,37.7570273371,133.242972663,3.52895823798,82.8740722309,219.125927769,2.64408302706,1.62817446839,0.371825531606,0.228369587427
2018-09-18 04:00:00,537469.0,2769.0,8141.0,8038.0,2087201.82575,135.0,391.0,0.0,283549.990128,253919.009872,0.895499977827,2825.52564412,5315.47435588,1.88123380403,5004.40412024,3033.59587976,0.606185233422,711717.652562,1375484.17319,1.93262618714,77.5722621888,57.4277378112,0.740312789532,158.709519008,232.290480992,1.46362034517,1.94587620801,-1.94587620801,-1.0
2018-09-18 04:40:00,625517.991826,1197.0,8553.69820839,8346.70870854,1859179.00272,58.0,454.0,0.0,313424.489257,312093.502569,0.995753405577,3275.71010362,5277.98810477,1.61125006115,5376.55055589,2970.15815265,0.552428201275,799937.63908,1059241.36364,1.32415492395,81.0696592799,-23.0696592799,-0.284565884263,181.226157757,272.773842243,1.50515712312,1.98536167823,-1.98536167823,-1.0
2018-09-18 06:00:00,567441.655911,7845.0,7878.05852151,11177.5883713,1651372.67981,366.0,482.713946802,0.0,374431.250901,193010.40501,0.515476217719,4090.07699204,3787.98152947,0.926139419097,6283.61211881,4893.97625249,0.778847605479,962912.746381,688459.933429,0.714976446221,88.5647232003,277.4352768,3.13257092411,234.257662281,248.456284521,1.06061113264,2.06018248978,-2.06018248978,-1.0
2018-09-18 06:50:00,691551.592158,7011.0,4393.81938778,8261.04628765,1597517.48205,145.0,200.0,1.0,418520.766289,273030.825869,0.652371035946,4485.93506007,-92.1156722885,-0.0205343303135,6939.12885602,1321.91743163,0.190501928853,1060462.50946,537054.972591,0.506434662046,103.440263724,41.5597362758,0.401775235092,270.758179973,-70.7581799729,-0.261333489463,2.27888945547,-1.27888945547,-0.561189772676
2018-09-18 07:25:00,965797.157751,5128.0,5919.0,11335.0,1480243.93316,124.0,402.0,0.0,452265.839605,513531.318146,1.13546342256,4757.14678544,1161.85321456,0.244233206787,7335.22961761,3999.77038239,0.545282232581,1135922.20039,344321.73277,0.303120876281,109.674320722,14.325679278,0.130620177847,289.704210898,112.295789102,0.38762221907,1.48968583654,-1.48968583654,-1.0
2018-09-18 08:00:00,695655.005846,5966.0,6267.95471189,8435.1205518,1698294.32915,160.0,302.770169362,0.0,489744.416961,205910.588885,0.420444994886,5021.93394131,1246.02077058,0.248115722975,7636.3565733,798.763978496,0.10460014155,1197553.15114,500741.178012,0.418136913202,117.29880252,42.7011974803,0.364037795468,314.772253069,-12.002083707,-0.0381294208432,1.50247640668,-1.50247640668,-1.0
2018-09-18 08:50:00,599588.0,5005.0,5403.0,8726.0,1824885.26672,129.0,319.0,0.0,523579.093119,76008.9068806,0.145171776107,5359.87695792,43.1230420806,0.00804552836178,7931.60348252,794.396517475,0.100155853634,1261745.71664,563139.550085,0.446317782308,134.598641617,-5.59864161715,-0.0415950826092,342.959780105,-23.9597801051,-0.0698617782463,2.0523611619,-2.0523611619,-1.0
2018-09-18 09:20:00,750100.669046,4725.0,7888.33146587,10906.9048111,1677845.7016,160.0,335.905973154,5.0,539950.763092,210149.905954,0.389201979734,5525.80412134,2362.52734453,0.427544533365,8088.11451994,2818.79029116,0.348510185435,1293140.16952,384705.53208,0.297497163222,142.427605126,17.5723948739,0.123377731855,351.394085891,-15.4881127374,-0.044076190691,2.03542088279,2.96457911721,1.45649439989
2018-09-18 10:35:00,700247.566217,1657.0,4175.0,8698.0,1539105.74065,75.0,279.0,1.0,563472.615828,136774.950389,0.242735754227,5933.39940392,-1758.39940392,-0.296356150027,8432.93430128,265.065698719,0.0314322025109,1339348.09023,199757.650419,0.149145432674,165.47120307,-90.4712030699,-0.546748929067,352.755508709,-73.7555087088,-0.209083931754,2.19327051084,-1.19327051084,-0.544059889075
2018-09-18 14:20:00,1760411.25483,324.0,7858.0,56298.702906,1609703.0,7.0,408.991703611,0.0,688948.424527,1071462.8303,1.55521486393,9452.58524699,-1594.58524699,-0.168693030036,30326.1616642,25972.5412418,0.856440110335,1591412.83438,18290.1656218,0.011493036393,127.288709076,-120.288709076,-0.945006905555,328.255249173,80.7364544377,0.245956324053,13.4252941538,-13.4252941538,-1.0
2018-09-18 23:25:00,343346.0,268.0,5483.70201708,9489.0,1407438.36875,33.0,0.0,1.0,324497.004117,18848.9958834,0.058086810184,4186.15564407,1297.54637301,0.309961330476,16287.2177658,-6798.21776584,-0.417395890666,738969.635291,668468.733459,0.904595671506,19.0515440653,13.9484559347,0.732143068664,48.6361077839,-48.6361077839,-1.0,16.226719378,-15.226719378,-0.938373248671
2018-09-19 03:00:00,760790.0,6866.0,7934.0,335497.310253,2072610.94691,154.0,456.0,3.0,326655.202649,434134.797351,1.32903071444,3687.32130591,4246.67869409,1.15169749034,10792.2038148,324705.106438,30.0870065104,752004.196231,1320606.75068,1.75611619895,58.3496837968,95.6503162032,1.63926023209,108.557400141,347.442599859,3.2005427489,12.0032742646,-9.00327426462,-0.750068195239
2018-09-19 03:35:00,760592.0,6215.0,8858.0,9658.0,2346346.99015,111.0,349.0,0.0,355149.590176,405442.409824,1.14161024267,3824.65437682,5033.34562318,1.31602626728,12887.5192593,-3229.51925928,-0.25059277851,820408.390868,1525938.59928,1.85997439357,66.3966768797,44.6033231203,0.671770414069,132.677234058,216.322765942,1.63044374175,11.6778793582,-11.6778793582,-1.0
2018-09-19 04:40:00,666623.0,1406.0,6334.0,12023.0,2389896.81907,142.0,494.0,0.0,407398.224068,259224.775932,0.63629333811,4415.03453681,1918.96546319,0.434643363985,11724.7438811,298.256118851,0.0254381777439,982803.876397,1407092.94267,1.43171285387,73.9753349841,68.0246650159,0.919558729008,177.515408347,316.484591653,1.78285701843,9.02367827671,-9.02367827671,-1.0
2018-09-19 05:55:00,598777.865022,5417.0,7829.20414157,8966.19360506,1881936.00468,202.0,535.0,58.0,465730.439791,133047.425231,0.285674746298,5189.10716121,2640.09698036,0.5087767314,11413.9252904,-2447.73168534,-0.214451349826,1157207.7944,724728.210281,0.626273184287,81.7715368908,120.228463109,1.47029721686,239.792180041,295.207819959,1.23109861176,8.40799652691,49.5920034731,5.89819504734
2018-09-19 06:30:00,1127657.3197,5764.0,9813.0,9267.0,1712909.39575,106.0,808.0,0.0,497291.352417,630365.967283,1.26759889191,5528.69143306,4284.30856694,0.774922713413,11398.2503753,-2131.25037528,-0.186980484295,1247733.53814,465175.857607,0.372816665888,91.2286075128,14.7713924872,0.161916233186,277.59082828,530.40917172,1.91075899375,8.29348126832,-8.29348126832,-1.0
2018-09-19 07:05:00,858291.065459,6778.0,10860.9792579,13596.0106669,2102585.64381,219.0,442.739179239,1.0,539375.848999,318915.21646,0.591267141553,5892.01783227,4968.96142563,0.84333781178,11476.1427396,2119.86792725,0.184719550405,1323666.22798,778919.415833,0.588456061935,99.8590802586,119.140919741,1.19309049746,312.156220754,130.582958485,0.418325664535,6.92891836255,-5.92891836255,-0.855677329754
2018-09-19 08:05:00,652522.0,6622.0,6638.77107322,8816.0,2054983.76416,246.0,437.0,32.0,593387.709101,59134.2908992,0.0996554023488,6496.80408566,141.966987555,0.0218518190918,12103.6615228,-3287.66152275,-0.271625368619,1444794.55767,610189.206495,0.422336312978,114.01548997,131.98451003,1.15760156857,354.591084813,82.4089151865,0.232405491046,6.60621083443,25.3937891656,3.84392654155
2018-09-19 08:40:00,619761.0,4747.0,8063.13952762,10016.0,2345816.00975,146.0,702.0,0.0,616387.181105,3373.81889521,0.00547353838405,6680.65928952,1382.4802381,0.206937695546,12267.7529219,-2251.7529219,-0.183550560256,1496857.1513,848958.858448,0.567160906243,122.219168921,23.7808310785,0.19457529689,381.107218099,320.892781901,0.842001323147,6.1603935615,-6.1603935615,-1.0
2018-09-19 09:30:00,805789.188325,4277.0,5518.0,10121.0,1640036.67053,240.0,442.0,4.0,636782.423867,169006.764458,0.265407395247,6790.45700018,-1272.45700018,-0.18738900786,12361.1311433,-2240.13114325,-0.181223798801,1541808.81711,98227.8534185,0.0637094900018,136.005301598,103.994698402,0.764637092671,421.162701075,20.8372989255,0.0494756512681,4.44847193685,-0.448471936846,-0.100814828825
2018-09-19 10:35:00,620207.970233,1638.0,5462.14297413,12560.5776776,1864500.85048,61.0,388.060545628,6.0,657995.4733,-37787.5030669,-0.0574282112876,6790.73627926,-1328.59330513,-0.195647901861,12478.4042777,82.1733999422,0.00658524905218,1584097.42403,280403.426451,0.17701147808,144.938558631,-83.9385586309,-0.579132008927,453.826906362,-65.7663607341,-0.144915076238,4.03928983731,1.96071016269,0.485409624381
2018-09-19 12:25:00,919954.532271,1263.0,9817.99820178,42426.8069376,2873095.81047,51.0,608.0,0.0,639734.226745,280220.305526,0.438026126805,6745.91593065,3072.08227113,0.455398837268,13562.1997127,28864.6072249,2.12831309348,1583581.04736,1289514.76311,0.814302978221,125.688727475,-74.6887274751,-0.594235688239,497.557715742,110.442284258,0.22196879028,5.39548198177,-5.39548198177,-1.0
2018-09-19 13:00:00,647341.0,709.0,6726.0,27321.0,3606744.80897,56.0,561.0,0.0,642874.058368,4466.94163246,0.00694839303954,6838.88694674,-112.886946745,-0.0165066256576,14699.3047261,12621.6952739,0.858659338592,1620134.98945,1986609.81952,1.22620018237,120.651285938,-64.6512859383,-0.535852439827,504.95515543,56.0448445697,0.110989746252,5.11322318268,-5.11322318268,-1.0
2018-09-20 02:00:00,971392.059453,8682.0,12081.6097321,16151.5446824,2156878.43784,293.0,521.12510288,1.0,268490.74131,702901.318143,2.61797227984,3295.57458738,8786.03514472,2.66601010287,8144.34735382,8007.19732858,0.983160096287,610633.936184,1546244.50166,2.53219549395,49.0205802997,243.9794197,4.97708142597,140.642581228,380.482521652,2.70531526321,18.2202437719,-17.2202437719,-0.945115992271
2018-09-20 02:35:00,635972.0,9079.0,531198.821406,8230.0,1481309.0,118.0,465.0,5.0,285614.823648,350357.176352,1.22667714468,3583.73226795,527615.089138,147.225029575,8096.60220467,133.397795326,0.0164757748934,648451.334151,832857.665849,1.28437960104,58.5318728447,59.4681271553,1.01599563221,159.258365815,305.741634185,1.91978382184,18.3830490899,-13.3830490899,-0.728010300384
2018-09-20 03:55:00,772715.038328,3577.0,8821.91780092,10861.7072285,1808959.69548,142.0,804.739510072,29.130506204,341306.285105,431408.753223,1.26399299412,21606.2778779,-12784.360077,-0.591696549922,8217.08363906,2644.62358944,0.321844550403,788146.00615,1020813.68933,1.29520885897,73.4021375439,68.5978624561,0.934548566996,199.930668885,604.808841187,3.02509287124,17.4612072372,11.6692989668,0.668298520734
2018-09-20 04:45:00,856491.721113,1561.0,6308.63392143,35349.5182144,2028726.70632,80.0,436.0,1.0,386509.265202,469982.455911,1.21596685571,21898.9007522,-15590.2668308,-0.711920064262,8601.54916494,26747.9690495,3.10966879762,902699.668725,1126027.0376,1.24739941379,77.2289577109,2.77104228913,0.0358808712595,244.178197215,191.821802785,0.785581206564,17.3901168917,-16.3901168917,-0.942496073705
2018-09-20 05:45:00,723857.133901,3483.0,5493.42852791,25828.5480983,2038833.11285,30.0,541.0,51.0,435704.624991,288152.50891,0.661348290521,22101.3685026,-16607.9399747,-0.751443964782,9326.31457669,16502.2335216,1.76942707496,1025182.62977,1013650.48308,0.988751129458,80.582672597,-50.582672597,-0.62771152863,283.674445645,257.325554355,0.907115738853,14.7337307111,36.2662692889,2.46144510173
2018-09-20 06:25:00,1018639.45467,6251.0,5099.0,10895.0,1342992.0,127.0,515.0,2.0,469368.209475,549271.245195,1.17023529525,22323.9264439,-17224.9264439,-0.771590360109,9191.8146604,1703.1853396,0.185293699071,1113604.66793,229387.332071,0.205986324121,89.5220016727,37.4779983273,0.418645669523,322.96519601,192.03480399,0.594599066283,14.2525504206,-12.2525504206,-0.859674237875
2018-09-20 07:00:00,570600.0,6844.0,5485.0,8006.0,1771231.74118,149.0,362.0,2.0,512878.118946,57721.8810539,0.112545025654,22556.5123834,-17071.5123834,-0.756832975472,9111.895977,-1105.895977,-0.121368371609,1177900.63424,593331.106939,0.503719150573,95.4311736347,53.5688263653,0.561334670055,353.370916597,8.62908340291,0.0244193367298,12.3268353147,-10.3268353147,-0.837752355009
2018-09-20 07:35:00,906586.226617,7152.0,4739.0,6640.0,1654859.79669,190.0,416.0,0.0,540578.039738,366008.186879,0.677068175127,22771.4293191,-18032.4293191,-0.791888338075,9354.53413617,-2714.53413617,-0.290183786456,1254599.0901,400260.706586,0.319034749621,107.864379026,82.1356209741,0.761471226329,389.46949226,26.5305077401,0.0681196044037,12.1253808699,-12.1253808699,-1.0
2018-09-20 08:15:00,799571.281268,7296.0,6458.19689936,11741.5823619,1775790.03351,111.0,827.45139984,58.0667985925,570480.249079,229091.032189,0.401575747028,22985.1967059,-16526.9998066,-0.719027990842,9529.70619395,2211.87616795,0.232103290798,1314657.4603,461132.573207,0.350762527222,112.121727351,-1.12172735145,-0.0100045493228,415.503984955,411.947414885,0.991440346668,9.73611854077,48.3306800517,4.96406035417
2018-09-20 08:55:00,1321585.20114,6933.0,4827.0,19685.061344,1251445.0,113.0,1400.18518333,1.0,596136.908346,725448.292794,1.21691558204,23184.0896266,-18357.0896266,-0.791796871141,9816.03109422,9869.03024978,1.00539924487,1364648.17408,-113203.17408,-0.0829541095134,121.64135929,-8.64135929013,-0.071039647539,450.72287547,949.46230786,2.10653232736,8.52822169763,-7.52822169763,-0.882742260291
2018-09-20 09:55:00,471194.0,4799.0,5555.30235762,9913.0,1787408.79573,94.0,558.0,0.0,620233.515728,-149039.515728,-0.240295811091,23337.4169384,-17782.1145807,-0.761957273494,10120.119537,-207.119537035,-0.0204661156696,1402148.6582,385260.137528,0.274764116682,132.5026912,-38.5026911996,-0.290580446714,507.311423074,50.688576926,0.0999160961503,7.52261128088,-7.52261128088,-1.0
2018-09-20 10:30:00,462114.0,2608.0,3666.0,9767.0,2068006.07278,43.0,528.0,5.0,623343.98773,-161229.98773,-0.258653313265,23435.8879143,-19769.8879143,-0.843573240604,10253.8384775,-486.838477495,-0.0474786567551,1426387.77702,641618.295756,0.449820382712,133.666242346,-90.6662423458,-0.678303218185,523.199485618,4.80051438186,0.00917530409303,7.57380219798,-2.57380219798,-0.339829603507
2018-09-20 11:00:00,646041.417544,2335.0,5229.27259871,13149.6980668,1668771.50295,168.0,429.307014985,1.0,620612.095391,25429.3221528,0.0409745835468,23425.0884527,-18195.815854,-0.77676615355,10407.3241055,2742.3739613,0.263504233509,1428572.9928,240198.510152,0.168138773002,131.151766084,36.8482339156,0.280958732129,514.495019283,-85.1880042984,-0.165575955268,6.84792689323,-5.84792689323,-0.853970403658
2018-09-20 12:15:00,897204.989459,1234.0,7861.85992091,27428.2085359,2441886.98973,53.0,682.796708912,40.0,600577.27091,296627.718549,0.493904336572,23225.5408045,-15363.6808836,-0.661499381775,11117.7605513,16310.4479846,1.4670623557,1413490.59164,1028396.39809,0.727558007234,118.388308225,-65.3883082252,-0.552320657381,510.103083014,172.693625898,0.338546524514,6.58031236165,33.4196876384,5.07873878953
2018-09-20 12:45:00,1876282.67814,962.0,7093.0,18222.0,1458080.0,48.0,286.0,0.0,596518.225855,1279764.45228,2.14539036163,11530.685027,-4437.68502699,-0.384858750075,11609.7119869,6612.28801306,0.569547980217,1417548.81655,40531.1834526,0.0285924427994,110.860085421,-62.860085421,-0.567021802142,512.998419046,-226.998419046,-0.442493408592,7.54934747268,-7.54934747268,-1.0
2018-09-20 13:35:00,2025320.81136,606.0,6850.0,18969.0,2196150.62616,31.0,171.0,4.0,633560.541393,1391760.26997,2.19672814047,5209.46052602,1640.53947398,0.314915424694,12508.6473722,6460.3526278,0.516470920921,1417910.88245,778239.743715,0.548863650988,104.99783219,-73.9978321903,-0.704755809207,484.543250363,-313.543250363,-0.647090327082,6.9851896159,-2.9851896159,-0.427359854213
2018-09-20 14:15:00,573673.0,407.0,12359.1893012,19581.0,2950374.31307,38.0,156.0,0.0,656495.7596,-82822.7595995,-0.12615886453,5277.14375245,7082.04554875,1.34202248052,13150.6084844,6430.3915156,0.48898053069,1438551.7819,1511822.53117,1.05093368913,99.4716586169,-61.4716586169,-0.617981638907,457.419999856,-301.419999856,-0.658956757358,5.70775857369,-5.70775857369,-1.0
2018-09-20 19:15:00,70535.0,134.0,953.0,6151.0,293445.71888,16.0,1.0,1.0,482140.268391,-411605.268391,-0.853704399686,4666.80789308,-3713.80789308,-0.795791894195,13146.1623935,-6995.1623935,-0.53210679924,1063136.41558,-769690.696699,-0.723981123608,44.5435034978,-28.5435034978,-0.640800593945,282.371746627,-281.371746627,-0.996458569202,6.28564943916,-5.28564943916,-0.840907449631
2018-09-21 00:35:00,761009.890387,3924.24852122,4496.61339052,10698.163666,1507820.76908,49.0,369.274432451,5.27105079274,235519.078829,525490.811558,2.2312027296,2719.21972929,1777.39366123,0.653641058165,7851.0206838,2847.1429822,0.362646221028,550779.334692,957041.434388,1.73761318573,16.4756806945,32.5243193055,1.97408045886,87.2513181252,282.023114326,3.23230777925,12.0605041873,-6.78945339453,-0.562949383301
2018-09-21 02:25:00,758130.068004,8137.0,9615.8331126,9675.43655324,1881392.24358,96.0,663.448076043,1.0,260987.577178,497142.490826,1.90485116649,2564.64824963,7051.18486297,2.74937698142,7240.10258205,2435.33397119,0.336367329549,587497.222519,1293895.02106,2.20238491599,52.6820011226,43.3179988774,0.822254241568,118.933438224,544.514637819,4.57831410535,12.1687071504,-11.1687071504,-0.917822001332
2018-09-21 03:35:00,735411.409548,5297.0,6862.0871352,10510.0573667,2005264.07908,120.0,494.427685652,8.0,311774.087491,423637.322057,1.35879580457,2755.77234071,4106.31479449,1.49007765766,7019.84755953,3490.20980717,0.497191680812,708043.769837,1297220.30924,1.83211881031,70.8449007092,49.1550992908,0.693841035822,175.241368646,319.186317006,1.82140963331,12.2432000637,-4.24320006369,-0.346576061946
2018-09-21 04:10:00,1005740.84305,2637.0,4282.0,11418.0,1293284.0,16.0,358.0,2.0,340097.87305,665642.97,1.95721003496,3018.09904629,1263.90095371,0.418773848813,7162.94064658,4255.05935342,0.594038058302,787774.658439,505509.341561,0.641692819317,76.3754648376,-60.3754648376,-0.790508639993,199.58186885,158.41813115,0.793750113987,11.9845795917,-9.98457959173,-0.833118885423
2018-09-21 04:45:00,1554845.73974,1436.0,4438.0,10003.0,1388264.0,82.0,290.0,0.0,381524.138456,1173321.60128,3.07535351769,3089.75866248,1348.24133752,0.436358138222,7336.40522692,2666.59477308,0.363474302551,854812.488577,533451.511423,0.624056759292,77.8940379451,4.10596205495,0.0527121479803,207.892331685,82.107668315,0.394952847224,10.9579769377,-10.9579769377,-1.0
2018-09-21 05:35:00,655150.390978,3483.0,8541.4930847,12686.9710759,1835867.98885,61.0,537.270393402,1.0,438414.607788,216735.78319,0.494362594994,3377.52546653,5163.96761817,1.52892040914,7650.13917208,5036.83190382,0.658397421344,951877.622597,883990.366253,0.928680688849,82.499655727,-21.499655727,-0.260602975097,231.836245942,305.43414746,1.31745640643,9.56284431616,-8.56284431616,-0.895428601895
2018-09-21 06:10:00,638115.015908,7559.0,9644.93520863,9776.22912521,1618843.91804,224.0,312.0,0.0,466112.925874,172002.090034,0.369013774317,3686.03345397,5958.90175466,1.61661629746,7990.35863983,1785.87048538,0.223503169993,1020955.57898,597888.339063,0.585616408172,90.948295702,133.051704298,1.46293785135,245.070917107,66.9290828925,0.273100879053,7.12727892689,-7.12727892689,-1.0
2018-09-21 06:40:00,843131.113972,5796.0,5690.0,7246.0,1610668.35866,227.0,190.0,1.0,490269.630551,352861.483421,0.719729433422,3972.84933101,1717.15066899,0.432221442577,8229.52059577,-983.520595771,-0.119511286754,1077284.38087,533383.977789,0.495119011526,99.5218810977,127.478118902,1.28090544005,252.635998928,-62.6359989275,-0.247929824702,6.38398088186,-5.38398088186,-0.843357926894
2018-09-21 07:15:00,726445.011389,5384.0,10192.0052785,8338.23592172,1713484.4724,188.0,492.304607856,2.0,523010.811693,203434.199696,0.388967484319,4252.9495497,5939.0557288,1.39645572076,8643.96177835,-305.725856633,-0.0353687191675,1147837.08295,565647.38945,0.49279414113,109.078042636,78.921957364,0.723536611556,274.706665636,217.59794222,0.792110164912,4.76864298549,-2.76864298549,-0.580593471542
2018-09-21 07:50:00,649278.172489,5445.0,8865.99034124,8510.73915954,1807114.29818,155.0,654.714434244,0.0,550940.564657,98337.6078325,0.178490411019,4586.71401918,4279.27632206,0.932972124307,8974.68678024,-463.947620696,-0.0516951323268,1207159.19167,599955.106509,0.496997505091,117.661388803,37.3386111965,0.317339541682,307.917756288,346.796677956,1.1262639808,3.84182399244,-3.84182399244,-1.0
2018-09-21 08:35:00,1178719.32404,6552.0,4849.0,7438.0,1166029.0,71.0,607.0,1.0,580251.896318,598467.427722,1.03139245476,4871.9228911,-22.9228911048,-0.00470510137725,9301.77561177,-1863.77561177,-0.200367724353,1272837.63228,-106808.632281,-0.0839137919653,129.450150528,-58.4501505279,-0.451526323373,352.85944442,254.14055558,0.720231694515,3.85842035136,-2.85842035136,-0.740826579549
2018-09-21 09:15:00,1238422.61284,4401.0,5674.0,19474.3689353,1183322.0,166.0,1399.88093525,3.0,612017.852923,626404.759917,1.02350733222,5091.95422714,582.045772857,0.114306953066,9488.8641542,9985.5047811,1.05233931257,1300110.70506,-116788.705065,-0.0898298157302,137.213139573,28.786860427,0.209796674842,393.439391942,1006.44154331,2.55805992974,3.20998054087,-0.209980540869,-0.0654148952605
2018-09-21 10:25:00,622441.962637,2270.0,6029.70996722,12933.5004901,1594061.29673,55.0,716.03277379,28.0,629081.209509,-6639.24687175,-0.0105538788497,5473.29360886,556.416358357,0.101660243013,9914.24643704,3019.25405306,0.304536917882,1309712.81064,284348.48609,0.217107509203,147.192839082,-92.1928390822,-0.626340518038,483.304270451,232.728503339,0.481536203109,2.79689263173,25.2031073683,9.0111100735
2018-09-21 10:55:00,542518.091356,2138.0,10411.2465341,13658.5367021,1619665.93392,62.0,706.0,1.0,624571.27689,-82053.1855344,-0.1313752146,5502.17408963,4909.07244447,0.892205947051,10139.6691291,3518.867573,0.347039684253,1305666.09154,313999.84238,0.240490156261,145.928882017,-83.9288820169,-0.575135510236,502.072581395,203.927418605,0.4061711915,2.96323007613,-1.96323007613,-0.662530423116
2018-09-21 11:40:00,608274.88941,1953.0,6603.24923051,20527.4346293,1811474.27579,47.0,498.0,1.0,618017.526742,-9742.63733151,-0.0157643382428,5734.18097629,869.068254221,0.151559265013,10044.00351,10483.4311193,1.04375024449,1306287.21151,505187.064275,0.386735060882,133.942644721,-86.9426447209,-0.649103539071,504.509838944,-6.50983894405,-0.0129032943295,3.28027680287,-2.28027680287,-0.695147678048
2018-09-21 12:30:00,515327.0,1049.0,4833.0,10138.0,2713382.04946,33.0,270.0,0.0,604427.448116,-89100.4481158,-0.147412974698,5692.2580274,-859.258027396,-0.150952051587,10363.5297003,-225.529700348,-0.0217618617275,1289211.90132,1424170.14814,1.10468274973,116.668458364,-83.6684583639,-0.717147201028,506.906036547,-236.906036547,-0.467356905357,2.77994025063,-2.77994025063,-1.0
2018-09-21 13:35:00,539751.0,580.0,5168.0,31535.0,3607230.63536,5.0,633.0,46.0,590629.810292,-50878.8102923,-0.0861433158397,5701.64259037,-533.642590366,-0.0935945355936,11521.122514,20013.877486,1.73714648565,1290760.50289,2316470.13247,1.79465526509,99.4145232812,-94.4145232812,-0.949705537632,488.881836399,144.118163601,0.294791405348,3.36170117017,42.6382988298,12.6835482012
2018-09-21 14:20:00,1032127.09638,459.0,5198.0,14879.0,2082330.89615,5.0,439.0,1.0,577582.514425,454544.581955,0.786977740154,5677.47472756,-479.474727557,-0.0844521112934,11985.6358869,2893.36411314,0.241402637328,1300859.01132,781471.884829,0.600735266487,92.8984310742,-87.8984310742,-0.946177777793,494.647203034,-55.6472030343,-0.112498772242,3.49940027938,-2.49940027938,-0.71423674911
2018-09-21 20:05:00,46098.0,59.0,623.0,2600.0,254614.457872,15.0,31.0,1.0,370490.417632,-324392.417632,-0.875575729341,4113.09191617,-3490.09191617,-0.848532439173,10521.591337,-7921.591337,-0.752889090944,908931.402157,-654316.944285,-0.719874946264,21.4759064595,-6.47590645951,-0.301542869528,292.810865883,-261.810865883,-0.894129611937,2.68984295366,-1.68984295366,-0.628231083662
2018-09-22 02:10:00,1470778.7641,3046.0,4689.0,23362.0,1339863.0,35.0,240.0,0.0,233041.593803,1237737.1703,5.31122856696,2612.44590816,2076.55409184,0.794869698684,5186.24358019,18175.7564198,3.50460909496,546464.666999,793398.333001,1.45187489863,20.7642160931,14.2357839069,0.685592166979,69.4260791968,170.573920803,2.45691421403,3.41457088864,-3.41457088864,-1.0
2018-09-22 03:00:00,592733.588447,2767.0,5702.10887539,8458.22485148,1862292.46847,25.0,629.635728403,1.0,263536.816339,329196.772108,1.24914908164,2602.18415619,3099.9247192,1.19127799308,5631.5278151,2826.69703638,0.501941414336,607208.486376,1255083.98209,2.06697371702,22.9677600183,2.03223998172,0.0884822890916,103.083048027,526.552680376,5.10804337333,6.0462510026,-5.0462510026,-0.834608255666
2018-09-22 03:35:00,571858.0,2012.0,6920.0,10069.0,2081244.64031,30.0,671.0,51.0,287423.104271,284434.895729,0.989603450459,2773.77230459,4146.22769541,1.49479742391,5949.32293709,4119.67706291,0.692461496286,678071.4998,1403173.14051,2.06935867519,23.8412069004,6.15879309957,0.258325558991,133.017921908,537.982078092,4.0444330386,6.06642049293,44.9335795071,7.40693454392
2018-09-22 04:30:00,507926.0,1073.0,6109.0,12682.0,2033664.47914,30.0,530.0,78.0,326439.501895,181486.498105,0.555957526745,3083.25674915,3025.74325085,0.981346510204,6509.85778971,6172.14221029,0.948122433648,794094.47633,1239570.00281,1.5609855499,23.6439509045,6.3560490955,0.268823477141,175.758555358,354.241444642,2.01550043422,7.51010933852,70.4898906615,9.38600058722
2018-09-22 05:05:00,732780.449154,1353.0,5012.20976155,10494.6373915,1746548.886,21.0,321.0,4.0,351720.860422,381059.588732,1.08341480876,3323.50351853,1688.70624302,0.508110261839,6984.53640547,3510.10098603,0.502553180663,880734.124235,865814.761765,0.983060310644,25.0546925075,-4.05469250752,-0.161833656761,201.60446644,119.39553356,0.592226629047,9.48929437507,-5.48929437507,-0.578472345582
2018-09-22 05:55:00,664536.755621,2344.0,7076.73029235,10960.4279019,1752324.18262,43.0,664.870636371,58.0,391506.288306,273030.467315,0.697384628217,3722.85144112,3353.87885123,0.900889789527,7586.2493526,3374.1785493,0.444775592321,974983.17208,777341.01054,0.797286592016,26.3233019431,16.6766980569,0.633533668873,241.123942,423.746694371,1.75738124907,10.6479875008,47.3520124992,4.44703870056
2018-09-22 07:00:00,721330.952639,2648.0,6084.57716123,13891.3331653,1846465.694,19.0,456.0,1.0,445574.192677,275756.759962,0.618879559217,4212.93404019,1871.64312104,0.444261197346,8466.10678827,5425.22637703,0.640817144493,1100565.19441,745900.499592,0.677743129968,29.2423471197,-10.2423471197,-0.350257353755,302.808831048,153.191168952,0.505900598808,12.3895325355,-11.3895325355,-0.919286704552
2018-09-22 07:55:00,568364.0,2405.0,8810.31816934,15966.0,1966921.42859,45.0,396.0,2.0,496167.600071,72196.399929,0.145508090248,4681.49779618,4128.82037316,0.881944316312,9581.19155701,6384.80844299,0.666389812269,1209324.70046,757596.728134,0.626462626495,33.9461099552,11.0538900448,0.325630537915,344.98388401,51.0161159905,0.147879707879,12.8220112879,-10.8220112879,-0.84401823122
2018-09-22 08:25:00,555079.0,1986.0,4918.0,15978.0,1911903.48375,59.0,293.0,1.0,517230.915962,37848.0840384,0.0731744427304,4909.80002419,8.19997580612,0.0016701241936,10279.7818158,5698.21818418,0.554313144605,1254927.85981,656975.623944,0.523516645846,36.1148034525,22.8851965475,0.633679111051,363.841353892,-70.8413538916,-0.19470396406,13.8559104931,-12.8559104931,-0.927828633095
2018-09-22 09:00:00,981493.515234,1641.0,5769.0,21723.0,1597825.57072,18.0,295.0,10.0,535681.159049,445812.356185,0.832234527299,5078.77259507,690.227404932,0.135904372958,11118.5518756,10604.4481244,0.95376162679,1308792.78449,289032.78623,0.220839226541,37.5750594015,-19.5750594015,-0.520958841138,381.178614197,-86.1786141969,-0.226084599154,13.6131333688,-3.61313336884,-0.265415262669
2018-09-22 10:35:00,721867.384858,956.0,183799.426913,11473.0,1055476.0,14.0,302.0,13.0,564022.440406,157844.944452,0.279855787898,5425.19724029,178374.229673,32.8788469381,12331.1203269,-858.120326886,-0.0695898105069,1359881.1819,-304405.181903,-0.223846896298,39.4372124419,-25.4372124419,-0.64500533549,427.963725631,-125.963725631,-0.294332715805,14.8757803798,-1.8757803798,-0.126096267349
2018-09-22 14:10:00,674487.0,238.0,8320.0,40566.0,3746274.64428,29.0,36.0,3.0,663999.141813,10487.8581869,0.0157949875632,14276.8760169,-5956.87601688,-0.417239458397,40373.6961837,192.303816263,0.00476309663074,1496915.49589,2249359.14839,1.5026627452,27.5920327632,1.40796723681,0.0510280358424,434.437067107,-398.437067107,-0.91713414272,23.5117302037,-20.5117302037,-0.872404115988
2018-09-22 19:45:00,263726.110149,78.0,2966.0,6957.0,164555.0,13.0,4.0,48.0,519326.221654,-255600.111505,-0.492176402514,13606.8251093,-10640.8251093,-0.782021156576,43646.4231342,-36689.4231342,-0.840605495241,1107305.84063,-942750.840625,-0.851391554201,10.6150733373,2.38492666273,0.224673592631,212.174646866,-208.174646866,-0.981147606186,46.5715078694,1.42849213062,0.0306730916814
2018-09-23 02:25:00,735612.57849,2128.0,7552.72256112,18299.8404792,1838943.61454,28.0,333.0,2.0,250099.891398,485512.687092,1.94127508164,3529.05243855,4023.67012257,1.14015594629,8598.65152696,9701.18895224,1.12822213132,584510.712153,1254432.90239,2.14612474383,12.5966094548,15.4033905452,1.22282036292,83.9729805855,249.027019415,2.96556127552,42.8620728555,-40.8620728555,-0.953338700936
2018-09-23 03:05:00,799830.012395,2024.0,9843.71419014,22971.3426769,1920537.15359,63.0,310.13319574,7.0,273730.108987,526099.903408,1.92196578358,3679.03762432,6164.67656582,1.67562204992,8606.93570031,14364.4069766,1.66893392454,647382.512197,1273154.64139,1.96661883416,13.7005988237,49.2994011763,3.59833915369,97.7558201109,212.377375629,2.17252922013,40.5222735207,-33.5222735207,-0.827255496994
2018-09-23 03:40:00,1234599.84723,1292.0,5118.0,9562.0,1325678.0,0.0,223.0,6.0,298289.559287,936310.287943,3.13893080998,3792.71069743,1325.28930257,0.349430633734,8732.00270361,829.997296389,0.0950523407472,708463.314831,617214.685169,0.871202040033,14.5104030515,-14.5104030515,-1.0,107.541483437,115.458516563,1.07361841099,36.4781107916,-30.4781107916,-0.835517797665
2018-09-23 04:20:00,545061.0,689.0,6108.0,7928.0,2100269.19351,5.0,170.0,4.0,344685.354974,200375.645026,0.581329151743,3915.13832027,2192.86167973,0.560098137115,8835.21541339,-907.215413387,-0.102681753748,776444.708414,1323824.4851,1.70498230042,14.8991667687,-9.89916676867,-0.664410763526,118.715571014,51.2844289858,0.431994122992,31.77627055,-27.77627055,-0.874119903602
2018-09-23 05:00:00,790869.983579,974.322528516,9581.96446197,14689.694654,1864769.38604,3.0,193.708014866,4.44631638578,372099.895714,418770.087865,1.12542382486,4200.76528592,5381.19917605,1.28100448604,9074.17741783,5615.51723617,0.618845871928,854412.393075,1010356.99296,1.1825167813,15.0546348547,-12.0546348547,-0.800725821054,127.838300568,65.8697142977,0.515258056504,30.2047652858,-25.7584489001,-0.852794208341
2018-09-23 05:30:00,632901.293591,1171.0,5860.07811066,11773.5279297,1713863.41474,22.0,198.126227169,1.0,396304.681199,236596.612392,0.597006857644,4422.1284849,1437.94962576,0.325171380857,9269.21912153,2504.30880817,0.270174733743,912714.990802,801148.423938,0.877764068752,15.2590152105,6.74098478947,0.441770631752,136.186327313,61.9398998557,0.454817315935,28.2103100458,-27.2103100458,-0.964551967051
2018-09-23 06:20:00,491753.0,1755.0,5474.0,19344.0,1857004.62268,13.0,316.0,5.0,430990.854002,60762.1459983,0.140982448779,4673.27347008,800.72652992,0.171341680526,9392.64165359,9951.35834641,1.05948451069,1005912.20898,851092.413704,0.846090151914,15.9986899136,-2.99868991356,-0.187433466725,149.563751777,166.436248223,1.11281140147,24.7406781051,-19.7406781051,-0.797903679973
2018-09-23 07:10:00,1128184.09275,1750.0,5584.0,10270.905186,1235755.0,13.0,163.0,34.0,467558.242301,660625.850449,1.41292739745,4998.9196758,585.080324199,0.117041353361,9867.61492358,403.290262422,0.0408700851772,1109148.23058,126606.769417,0.114147745023,16.1082507036,-3.10825070363,-0.192960164379,164.380344408,-1.38034440752,-0.00839725949287,19.3594777993,14.6405222007,0.756245718633
2018-09-23 08:40:00,526692.0,2359.0,7072.33333232,14734.0,1676883.43816,12.0,142.0,7.0,543506.297271,-16814.2972711,-0.0309367110474,5437.17991569,1635.15341663,0.30073557285,11033.4761065,3700.52389351,0.33539057481,1238955.17429,437928.263868,0.35346578549,16.39802371,-4.39802371005,-0.268204497555,188.052986531,-46.0529865308,-0.244893672684,10.5351402898,-3.53514028981,-0.335557020843
2018-09-23 09:20:00,1239121.96794,946.0,6793.0,10616.0,1179162.0,0.0,104.0,50.0,559468.125359,679653.842581,1.21482138441,5691.80925033,1101.19074967,0.193469369974,11531.3617756,-915.361775617,-0.0793801975368,1279760.42623,-100598.426226,-0.0786072331699,16.7973427379,-16.7973427379,-1.0,202.387496945,-98.3874969451,-0.48613426437,9.3030362024,40.6969637976,4.37458942567
2018-09-23 10:30:00,605199.959609,869.0,9486.75438845,17179.6164787,1534699.46704,5.0,127.854397468,2.0,583007.513376,22192.4462325,0.0380654549442,5976.92264761,3509.83174084,0.58723057797,11567.1437675,5612.47271121,0.485208174467,1300304.54907,234394.917974,0.180261553451,17.5475514306,-12.5475514306,-0.715059960372,204.804158094,-76.9497606263,-0.375723624668,8.95854764304,-6.95854764304,-0.776749526855
2018-09-23 11:10:00,740064.649691,579.0,6139.83293497,21731.2072098,1412332.95204,46.0,111.536412835,0.0,582107.354064,157957.295627,0.271354234788,6073.87296512,65.9599698515,0.0108596228848,11785.3796668,9945.82754298,0.843912357867,1305477.87539,106855.076646,0.0818513118143,16.4234101389,29.5765898611,1.80087993973,184.645438068,-73.1090252329,-0.395942764673,8.3757671914,-8.3757671914,-1.0
2018-09-23 12:15:00,1844635.77336,349.0,7668.0,38112.9284782,1286897.0,6.0,171.0,1.0,572067.467399,1272568.30596,2.22450738502,6167.7020631,1500.2979369,0.243250715022,13076.6715842,25036.256894,1.9145741126,1301915.38919,-15018.3891906,-0.0115356107742,15.2919171054,-9.29191710542,-0.607635853723,160.255423707,10.7445762932,0.0670465688129,7.84457692973,-6.84457692973,-0.872523399419
2018-09-23 13:10:00,1286899.98596,339.0,10754.0,40060.0,2509559.11608,9.0,582.0,31.0,573307.525745,713592.460215,1.24469403971,6279.90792119,4474.09207881,0.712445490436,14751.1206576,25308.8793424,1.71572587127,1279335.43093,1230223.68515,0.961611517522,12.8321039174,-3.83210391738,-0.298634108799,148.226761386,433.773238614,2.9264164889,7.21650543259,23.7834945674,3.29570798353
2018-09-23 14:00:00,1423785.41932,329.0,6711.0,24623.0,2554278.83804,17.0,23.0,2.0,583954.372011,839831.047309,1.43817922694,6422.18703803,288.812961968,0.0449711228056,16978.1352744,7644.86472565,0.450277053523,1311098.43349,1243180.40455,0.948197612623,12.3457761351,4.65422386494,0.37698916731,143.201635855,-120.201635855,-0.83938730963,10.1870104118,-8.18701041182,-0.803671546494
2018-09-24 02:20:00,659982.0,2451.0,11029.5858503,14302.0,1941782.38665,78.0,244.0,10.0,256582.615887,403399.384113,1.57220076161,2774.66582078,8254.92002952,2.97510423335,9701.08221879,4600.91778121,0.474268507106,596146.264783,1345636.12187,2.25722478083,11.9749620789,66.0250379211,5.51359056386,73.6351429041,170.364857096,2.31363517985,28.0014806937,-18.0014806937,-0.642876028258
2018-09-24 02:55:00,759345.837993,1873.0,6991.15847879,16394.3386827,1901065.74281,4.0,202.8536432,0.0,272547.147482,486798.690511,1.78610818351,2919.80686591,4071.35161288,1.39439072509,9423.03331018,6971.30537252,0.73981542281,649441.838264,1251623.90455,1.92723017028,14.2081200157,-10.2081200157,-0.718470846559,81.1828820548,121.670761145,1.49872433776,26.7057965593,-26.7057965593,-1.0
2018-09-24 04:25:00,462005.0,591.0,3495.0,9280.0,1727464.37499,11.0,148.0,1.0,327209.219931,134795.780069,0.41195593479,3368.18751121,126.812488794,0.0376500679881,9781.29650037,-501.296500373,-0.0512505167749,786794.986913,940669.388077,1.19557115096,13.6780307084,-2.67803070838,-0.195790663545,99.6947142016,48.3052857984,0.484532065569,23.3898872993,-22.3898872993,-0.957246480618
2018-09-24 05:15:00,483099.0,1705.0,6322.23995076,10656.0,1911743.6843,14.0,168.0,0.0,355766.621803,127332.378197,0.357909849867,3606.99299558,2715.24695518,0.75277300469,9353.14683241,1302.85316759,0.139295703461,876353.175127,1035390.50917,1.18147630266,14.1576223253,-0.157622325254,-0.0111333896069,113.169863064,54.8301369355,0.484494152867,20.3118305407,-20.3118305407,-1.0
2018-09-24 06:00:00,708396.269128,1768.0,6079.53620013,13707.1669264,1636939.93902,22.0,133.603116355,11.6401426727,384545.452859,323850.816269,0.842165246945,3880.42754563,2199.1086545,0.566718133154,8994.66337236,4712.50355404,0.523922170175,965168.6643,671771.27472,0.696014385431,14.7246051903,7.27539480966,0.494097785007,125.46576961,8.13734674476,0.0648571062054,16.1722670241,-4.53212435142,-0.28024050955
2018-09-24 06:40:00,562398.529337,1351.0,4672.2031202,11676.7789797,1488017.00707,7.0,271.0,6.0,411760.405444,150638.123893,0.365839264537,4097.84813089,574.354989309,0.140160145267,8829.6062893,2847.1726904,0.322457490982,1029173.81763,458843.189444,0.445836438496,15.4029507969,-8.40295079692,-0.54554162431,138.009233942,132.990766058,0.963636723855,14.9758055773,-8.97580557726,-0.599353773055
2018-09-24 07:10:00,525954.0,1563.0,7632.4491997,10015.0,1850354.04349,14.0,447.0,2.0,433118.008026,92835.9919742,0.214343412774,4267.41153257,3365.03766713,0.788543041007,9187.81705127,827.182948726,0.0900304113708,1081175.56367,769178.47982,0.711427917598,16.1426912942,-2.14269129423,-0.132734452711,154.025662526,292.974337474,1.90211379499,11.6259029991,-9.62590299911,-0.827970352053
2018-09-24 07:40:00,605407.578651,1769.0,5311.46283226,14616.4485113,1471464.14971,6.0,330.852692671,0.0,454407.284193,151000.294458,0.332301659129,4448.64157061,862.821261648,0.193951624997,9526.21338075,5090.23513055,0.534339818678,1134039.69938,337424.450329,0.297542008902,16.3016573864,-10.3016573864,-0.63193926496,169.485284064,161.367408607,0.952102771031,10.2716701362,-10.2716701362,-1.0
2018-09-24 08:30:00,607879.353831,1419.0,4314.99738931,18856.3848949,1668121.82118,16.0,380.0,15.0,484816.924764,123062.429067,0.253832782606,4678.0746608,-363.077271486,-0.0776125431534,10128.5067277,8727.87816723,0.8617142094,1200929.72365,467192.097528,0.389025342888,18.0899620927,-2.08996209274,-0.115531590505,190.01098457,189.98901543,0.999884379636,8.23486881554,6.76513118446,0.821522641829
2018-09-24 09:00:00,1230268.5003,1326.0,3730.0,8780.0,1161469.0,0.0,268.0,0.0,498825.054147,731443.446153,1.46633261516,4701.1553895,-971.155389501,-0.206578023707,10451.9391706,-1671.93917058,-0.159964494942,1229797.7674,-68328.7674045,-0.0555609785735,18.3453229099,-18.3453229099,-1.0,208.102929776,59.8970702242,0.287824252588,8.46062579645,-8.46062579645,-1.0
2018-09-24 10:25:00,380989.0,662.0,4728.0,245361.376458,1146576.4797,15.0,206.0,0.0,517511.406077,-136522.406077,-0.263805598242,4757.97440332,-29.9744033236,-0.00629982441745,10810.723503,234550.652955,21.6961106156,1254157.72468,-107581.244981,-0.0857796773593,18.7798059611,-3.77980596107,-0.201269702621,231.597372083,-25.5973720832,-0.110525313189,7.21301973363,-7.21301973363,-1.0
2018-09-24 11:00:00,739890.791921,536.0,4941.57648073,8322.0,1150404.28022,8.0,155.0,0.0,512388.752889,227502.039032,0.444002796215,4777.07829854,164.498182195,0.0344348934464,17123.7531765,-8801.75317652,-0.514008411928,1255002.56907,-104598.28885,-0.0833450794669,19.083928373,-11.083928373,-0.580799097354,227.236772582,-72.2367725819,-0.317892090092,6.7358606069,-6.7358606069,-1.0
2018-09-24 11:30:00,580403.384092,381.0,7328.01343305,16270.3410578,1764320.6567,8.0,139.0,0.0,507954.684666,72448.6994257,0.142628272979,4759.78868257,2568.22475048,0.539566968568,16898.2032343,-627.862176459,-0.0371555583606,1246924.76508,517395.891623,0.414937537624,18.3602724555,-10.3602724555,-0.564276618476,214.977799511,-75.9777995105,-0.353421607643,7.29471818595,-7.29471818595,-1.0
2018-09-24 12:25:00,422856.0,341.0,5788.38608229,12347.0,2760253.8878,5.0,81.0,54.0,490848.01552,-67992.0155205,-0.138519487439,4703.18466275,1085.20141954,0.230737574081,16790.2372733,-4443.23727329,-0.264632190777,1229961.93604,1530291.95176,1.24417830091,16.1093870206,-11.1093870206,-0.689621958078,197.848597905,-116.848597905,-0.590596037284,6.31437861998,47.68562138,7.55191036995
2018-09-24 13:35:00,1409106.30047,282.0,13800.4232249,46430.0260709,2666332.62241,20.0,2.0,3.0,478477.303161,930628.997309,1.94498044351,4646.63753979,9153.78568511,1.96998057342,17126.3704348,29303.6556361,1.71102544744,1247972.78856,1418359.83385,1.13653105809,15.1672779873,4.83272201266,0.318628168923,191.990976317,-189.990976317,-0.989582843744,5.56863694925,-2.56863694925,-0.461268524534
2018-09-24 14:05:00,1507917.22952,213.0,10360.7321477,50962.5694009,2202897.21043,9.0,0.0,0.0,485692.263746,1022224.96577,2.10467623653,4760.0090577,5600.72309,1.17662025893,17625.8212938,33336.7481071,1.89135856715,1259670.74519,943226.465241,0.748788101052,15.1031267646,-6.10312676455,-0.404096903886,188.477131838,-188.477131838,-1.0,5.48199754896,-5.48199754896,-1.0
2018-09-24 20:05:00,38897.0,109.0,694.0,869.0,352855.095475,5.0,0.0,0.0,325917.84252,-287020.84252,-0.880653971875,3271.30973386,-2577.30973386,-0.787852555563,15689.1499211,-14820.1499211,-0.944611403144,817484.098837,-464629.003362,-0.568364576171,10.5025082139,-5.50250821392,-0.523923247841,67.5485239721,-67.5485239721,-1.0,3.40059343856,-3.40059343856,-1.0
2018-09-24 23:35:00,359428.979406,306.0,1980.82452917,6538.89018854,974958.603812,18.0,10.4023107596,0.0,216836.352167,142592.627239,0.657604805717,2000.72422331,-19.8996941438,-0.00994624542047,5871.34319602,667.546992515,0.113695788209,507681.061491,467277.542321,0.920415547801,9.82899793114,8.17100206886,0.831315880429,23.92043561,-13.5181248504,-0.565128707135,1.42451503139,-1.42451503139,-1.0
2018-09-25 01:30:00,1242444.19275,12904.0,4032.0,4284.0,1113666.0,331.0,352.0,1.0,178413.206975,1064030.98577,5.96385774244,1626.05601802,2405.94398198,1.47961937063,3728.25065224,555.749347755,0.149064373507,436445.314346,677220.685654,1.55167363102,33.6306583044,297.369341696,8.84220995628,29.3320373464,322.667962654,11.0005301999,1.12541364463,-0.125413644634,-0.111437821313
2018-09-25 02:55:00,567097.0,7609.0,5310.0,9376.0,1981566.19012,177.0,154.0,0.0,221448.352264,345648.647736,1.56085445749,2049.62639444,3260.37360556,1.59071605166,3674.84844318,5701.15155682,1.55139773653,525469.027662,1456097.16246,2.77104279378,63.1727873945,113.827212605,1.80183932513,54.5587717817,99.4412282183,1.82264418665,1.40742168823,-1.40742168823,-1.0
2018-09-25 03:35:00,1241046.03508,6146.0,5495.0,7416.0,1373714.0,145.0,124.0,21.0,249682.098101,991363.936979,3.97050467181,2325.40699,3169.59301,1.36302721357,3974.9470488,3441.0529512,0.865685230255,610838.724166,762875.275834,1.24889802439,71.7676102116,73.2323897884,1.02041003696,66.5749149959,57.4250850041,0.862563399558,1.17781746353,19.8221825365,16.8295879033
2018-09-25 04:10:00,762198.761587,2025.0,6016.5858412,7133.0,1629090.38765,72.0,166.0,3.0,290638.402193,471560.359394,1.62249845801,2551.56066579,3465.02517541,1.35800226969,4210.92345836,2922.07654164,0.693927726432,677121.907103,951968.480547,1.40590412238,77.8935619874,-5.89356198738,-0.0756617342565,73.8403153908,92.1596846092,1.24809440644,1.71858188197,1.28141811803,0.745625292272
2018-09-25 04:45:00,974087.291528,1291.0,5526.0,25983.5620355,1334786.0,62.0,193.0,2.0,318403.713605,655683.577923,2.05928370149,2803.0373305,2722.9626695,0.971432895266,4675.45418693,21308.1078486,4.55744126595,749467.487469,585318.512531,0.780979191649,80.9252695414,-18.9252695414,-0.233861062788,82.6969120632,110.303087937,1.33382353929,1.76713883062,0.232861169377,0.131772991087
2018-09-25 05:55:00,660473.979934,5647.0,6935.47260054,9477.28165982,1590942.09738,330.0,139.0,2.0,372096.972552,288377.007382,0.775004981643,3397.19982971,3538.27277083,1.04152624167,5751.89156048,3725.39009934,0.647680864664,881372.33232,709569.76506,0.805073791223,88.4640825727,241.535917427,2.73032750019,100.328330175,38.6716698245,0.385451145821,1.91894985624,0.0810501437573,0.0422367179078
2018-09-25 06:30:00,893319.564215,7528.0,6131.0,15770.0,1152839.0,149.0,141.0,0.0,403132.749073,490186.815142,1.21594391989,3775.52565544,2355.47434456,0.623879840722,6227.35854727,9542.64145273,1.53237385969,946468.977651,206370.022349,0.21804203542,101.824524286,47.1754757138,0.463301705011,107.491190332,33.508809668,0.311735404217,1.99794056022,-1.99794056022,-1.0
2018-09-25 07:25:00,713368.395646,8267.0,10731.4448962,11836.4836846,1645507.94002,1021.0,201.0,1.0,458126.350794,255242.044852,0.557143339188,4371.52068363,6359.92421257,1.45485396795,7183.01292617,4653.47075843,0.647843851357,1041214.74576,604293.194263,0.580373257991,115.744277781,905.255722219,7.82117042476,124.804630632,76.1953693677,0.610517165762,2.65437309109,-1.65437309109,-0.623263209172
2018-09-25 08:30:00,962954.450307,5638.0,6070.0,7916.0,1198179.0,107.0,254.0,0.0,507892.054418,455062.395889,0.89598250638,5061.67621454,1008.32378546,0.199207484383,8129.7385912,-213.738591199,-0.0262909549676,1145063.24749,53115.7525147,0.0463867411965,140.868135181,-33.8681351807,-0.240424387938,153.673294048,100.326705952,0.652857131575,2.76680167706,-2.76680167706,-1.0
2018-09-25 09:05:00,502115.0,6157.0,9906.13422231,8012.0,1684850.92284,210.0,445.0,0.0,528298.630677,-26183.6306773,-0.049562177823,5281.08042261,4625.0537997,0.875777952536,8410.79876225,-398.798762248,-0.0474150878556,1177902.6103,506948.312543,0.430382196381,150.530282949,59.469717051,0.395068127728,170.111892747,274.888107253,1.61592527609,2.82873373507,-2.82873373507,-1.0
2018-09-25 10:05:00,422435.0,4448.0,4637.10984892,7768.0,1718517.56213,43.0,255.0,0.0,547798.78988,-125363.78988,-0.228850067207,5542.59458877,-905.484739846,-0.163368387376,9207.31904312,-1439.31904312,-0.156323359316,1222784.13072,495733.43141,0.405413694008,159.987377214,-116.987377214,-0.731228795991,199.121302369,55.8786976311,0.280626416995,2.98607097971,-2.98607097971,-1.0
2018-09-25 11:15:00,635369.543758,1623.0,5861.48452189,30297.2514654,1796679.61224,67.0,264.0,4.19422165505,563848.708661,71520.8350966,0.12684401684,5640.00560156,221.478920325,0.0392692731127,10993.4654119,19303.7860535,1.75593275917,1267943.34539,528736.266847,0.417003069395,149.705032057,-82.7050320568,-0.552453253712,201.790826351,62.2091736489,0.308285439798,3.21010567126,0.984115983785,0.306568096058
2018-09-25 12:05:00,779604.513304,1205.0,10762.6102307,30620.6354716,2240454.98604,45.0,360.004486108,22.0,561451.559769,218152.953535,0.388551692019,5949.94333091,4812.66689979,0.808859283547,12594.0491746,18026.586297,1.4313574647,1288685.44601,951769.540031,0.738558461243,137.495043097,-92.4950430968,-0.672715474053,210.152663034,149.851823074,0.71306173765,5.86737013053,16.1326298695,2.74955039661
2018-09-25 12:50:00,794814.375628,826.0,6377.43292611,29798.0344516,2726086.19395,27.0,313.064909835,94.0,565979.957872,228834.417756,0.404315408299,6100.45092424,276.982001867,0.0454035292319,13661.813719,16136.2207326,1.18111848577,1317430.96754,1408655.22641,1.06924405234,129.915996439,-102.915996439,-0.792173398656,217.093488311,95.9714215241,0.442074160173,7.53319652313,86.4668034769,11.4781027166
2018-09-25 13:30:00,1356917.03641,624.0,6857.0,17280.0,2519356.64691,24.0,423.0,52.0,567048.106016,789868.930394,1.3929487146,6178.4046767,678.595323297,0.109833421216,14231.7702164,3048.22978358,0.214184865075,1311808.94759,1207547.69932,0.920521011495,122.492057746,-98.4920577458,-0.804068929515,230.821149118,192.178850882,0.832587705312,10.3130450581,41.6869549419,4.04215774361
2018-09-25 14:00:00,1952632.24501,557.0,7226.0,17486.0,1464355.0,30.0,312.0,0.0,557347.219808,1395285.0252,2.50343946397,6276.08567401,949.914325988,0.151354582351,14720.7650143,2765.23498573,0.187845875065,1325564.62622,138790.373775,0.104702834573,116.252761152,-86.2527611518,-0.741941613233,243.537925106,68.4620748941,0.281114634874,11.8317003001,-11.8317003001,-1.0
2018-09-25 18:45:00,353728.501022,118.0,1248.0,5419.0,197350.0,9.0,37.0,0.0,444346.341033,-90617.8400115,-0.203935155178,4819.09274334,-3571.09274334,-0.74103009291,14437.4325528,-9018.43255279,-0.624656255176,1071850.69417,-874500.694172,-0.815879206803,59.5917497953,-50.5917497953,-0.848972382403,195.333223017,-158.333223017,-0.810580097802,14.9666401414,-14.9666401414,-1.0
2018-09-25 20:00:00,70541.0,114.0,1490.99965303,3712.0,309684.076327,34.0,4.0,42.0,398923.389445,-328382.389445,-0.823171561592,4329.4530091,-2838.45335607,-0.655614773992,13579.836797,-9867.83679698,-0.726653563257,945473.961136,-635789.884809,-0.672456261032,43.5324658563,-9.5324658563,-0.218973716944,156.013333058,-152.013333058,-0.974361165667,16.0570660454,25.9429339546,1.61567087544
2018-09-25 20:40:00,190760.066282,101.0,831.0,2918.0,248964.202324,13.0,0.0,0.0,373586.015389,-182825.949107,-0.489381137344,4128.88995557,-3297.88995557,-0.798735251135,12943.758801,-10025.758801,-0.774563166321,877051.168249,-628086.965925,-0.716134917395,40.8207827119,-27.8207827119,-0.681534768901,143.258150531,-143.258150531,-1.0,17.1104782823,-17.1104782823,-1.0
2018-09-25 23:25:00,299806.0,169.0,2685.52862859,6192.0,1191746.35118,29.0,4.0,4.0,263050.890741,36755.1092591,0.139726229991,2756.05403259,-70.5254040042,-0.0255892675434,7683.11418434,-1491.11418434,-0.194076796018,598440.510222,593305.840958,0.991419916975,25.0319200138,3.96807998623,0.158520800005,78.4163812117,-74.4163812117,-0.948990250019,15.8801844622,-11.8801844622,-0.748113757147
2018-09-26 04:00:00,710391.18099,4032.0,6346.69289576,9964.59260108,1715720.37949,112.0,322.345173576,9.0,329546.488465,380844.692525,1.15566302739,3021.52422637,3325.16866939,1.10049379726,6070.98309839,3893.60950269,0.641347445643,776075.385828,939644.993662,1.21076510197,76.4085795964,35.5914204036,0.465803978972,97.3150930986,225.030080477,2.31238622204,16.3044292112,-7.3044292112,-0.448002755361
2018-09-26 04:40:00,1176347.63975,1436.0,5059.0,14731.5823627,1497695.0,42.0,104.0,2.0,363793.014315,812554.625435,2.23356302475,3334.01679879,1724.98320121,0.517388875137,6442.21404717,8289.36831553,1.28672662144,860953.21112,636741.78888,0.739577692092,77.9596682591,-35.9596682591,-0.461259893252,112.8760998,-8.8760998004,-0.0786357768925,16.2515466866,-14.2515466866,-0.876934790357
2018-09-26 05:50:00,748042.981794,4213.0,7157.0,6321.0,1532574.16615,40.0,321.0,0.0,422176.123023,325866.858771,0.771874203678,3859.04766828,3297.95233172,0.85460264169,7029.59482037,-708.594820375,-0.100801659054,1000267.31461,532306.851537,0.532164596164,83.2655130025,-43.2655130025,-0.519609036711,132.906302663,188.093697337,1.41523534676,15.8704428401,-15.8704428401,-1.0
2018-09-26 06:25:00,675734.250092,7401.0,8352.1439281,10147.3098925,1620834.49461,184.0,192.014938665,0.0,451467.444422,224266.80567,0.496750781126,4147.38461091,4204.75931719,1.01383394878,7211.67916892,2935.63072358,0.407066184563,1066543.49825,554290.99636,0.519707819952,92.6200612435,91.3799387565,0.986610649243,148.781517373,43.2334212923,0.290583279804,15.0780989618,-15.0780989618,-1.0
2018-09-26 07:05:00,693100.435575,9535.0,5739.1303283,10166.1620931,1731359.2446,240.0,244.0,1.0,483454.942232,209645.493343,0.433640190697,4501.62609356,1237.50423474,0.274901604226,7648.93783371,2517.22425939,0.329094616026,1147655.91902,583703.325584,0.508604814311,101.283403799,138.716596201,1.36958860975,159.369950175,84.6300498246,0.531028903074,13.7621293732,-12.7621293732,-0.927336826091
2018-09-26 07:45:00,695840.111588,6720.0,8592.46640789,8607.72708668,1601596.62379,101.0,211.315335154,4.0,517800.252104,178039.859484,0.343838881424,4844.10692949,3748.3594784,0.773797839923,8231.42865206,376.298434618,0.0457148388845,1226107.47078,375489.153014,0.306244894485,110.597908757,-9.59790875696,-0.0867820093964,176.515530677,34.799804477,0.197148683425,12.5588408504,-8.55884085042,-0.681499268313
2018-09-26 08:40:00,669772.515909,5984.0,7440.01799093,12396.5424802,1489470.82188,131.0,372.173467125,2.0,555073.901067,114698.614842,0.206636656167,5309.57911019,2130.43888074,0.401244399327,8646.41315628,3750.12932392,0.433720810715,1304181.75933,185289.062552,0.14207303639,121.352642138,9.64735786213,0.0794985398931,201.49031131,170.683155815,0.847103539146,10.0270758173,-8.02707581733,-0.800540054106
2018-09-26 09:20:00,815697.537283,8376.0,4301.0,359993.005641,1214809.0,442.0,121.0,1.0,575632.302578,240065.234705,0.417046148434,5559.83494753,-1258.83494753,-0.226415884537,9025.80876984,350967.196871,38.8848474216,1339341.20087,-124532.200874,-0.092980191151,137.470110011,304.529889989,2.21524438996,214.122924391,-93.1229243906,-0.434904037742,8.98648793848,-7.98648793848,-0.888721822491
2018-09-26 09:55:00,641772.167743,14894.0526003,5906.60650235,13654.2299122,1414543.17455,598.948972456,137.301814299,1.0,589144.903929,52627.2638136,0.0893282169846,5630.48533855,276.1211638,0.0490403841227,12452.8249594,1201.40495276,0.0964764988401,1349619.49808,64923.6764675,0.0481051707979,152.448884656,446.5000878,2.9288511281,215.382970017,-78.0811557177,-0.362522420931,8.31778188462,-7.31778188462,-0.879775640445
2018-09-26 10:45:00,1068690.61804,1746.0,4230.0,10800.0,1161422.0,48.0,175.0,3.0,599699.687416,468990.930624,0.782042979953,5728.51756948,-1498.51756948,-0.261589067557,12762.6226028,-1962.62260281,-0.153778942141,1367838.37825,-206416.378246,-0.150906994225,164.42430835,-116.42430835,-0.708072361796,228.97739305,-53.9773930504,-0.235732411534,7.77142435658,-4.77142435658,-0.613970378871
2018-09-26 13:05:00,1383307.76567,642.0,13749.2932444,51341.917379,2808003.22556,43.0,56.6138419106,4.0,599828.542781,783479.222889,1.30617195917,5769.66339032,7979.62985408,1.38303213104,16211.3158486,35130.6015304,2.16704195134,1371464.4869,1436538.73866,1.04744873264,136.860430297,-93.860430297,-0.685811304943,188.888133751,-132.27429184,-0.70027846225,10.7454025426,-6.74540254263,-0.627747775467
2018-09-26 13:50:00,3229250.77398,368.0,6459.0,18665.0,1602036.0,20.0,213.0,61.0,605249.937551,2624000.83643,4.3354004249,5903.70108651,555.298913488,0.0940594561531,17928.6074827,736.392517342,0.0410736036279,1390417.52922,211618.470778,0.152197786874,129.226994924,-109.226994924,-0.845233575138,178.975439775,34.0245602246,0.190107426289,13.1875116211,47.8124883789,3.62558834089
2018-09-26 14:20:00,612838.0,289.0,7472.0,17991.0,2575310.14119,11.0,135.0,32.0,624866.800361,-12028.8003607,-0.019250183165,5960.88847239,1511.11152761,0.25350441207,18381.2383069,-390.238306886,-0.0212302512144,1396008.17463,1179301.96656,0.844767235605,125.932423933,-114.932423933,-0.912651566162,174.936121653,-39.9361216525,-0.228289739565,14.1119709719,17.8880290281,1.26757836051
2018-09-27 01:35:00,649768.4834,11138.0,4564.46197354,8966.63968645,1634390.18463,149.0,118.0,3.0,232553.932386,417214.551014,1.79405502514,2557.76247789,2006.69949565,0.784552714726,7184.91501585,1781.7246706,0.247981314556,543493.82695,1090896.35768,2.00719180897,45.3996010785,103.600398922,2.28196716404,32.6073674838,85.3926325162,2.61881406276,14.0007510473,-11.0007510473,-0.78572578072
2018-09-27 04:00:00,652968.639268,4665.0,4250.21765981,8795.50656119,1717618.30438,74.0,368.753919977,0.0,322853.012011,330115.627257,1.0224951138,3100.08863008,1150.12902973,0.370998757446,7316.32969001,1479.17687118,0.202174715171,748539.159106,969079.145274,1.29462718615,84.1581617586,-10.1581617586,-0.120703227664,70.8907720024,297.863147975,4.20171962529,13.5126449847,-13.5126449847,-1.0
2018-09-27 04:45:00,1345164.19563,1575.0,4993.0,10193.0,1377188.0,66.0,165.0,2.0,353544.591868,991619.603762,2.80479358636,3345.95353778,1647.04646222,0.492250249032,7299.99935365,2893.00064635,0.396301493493,834409.243687,542778.756313,0.65049465885,89.7074149916,-23.7074149916,-0.264274865058,85.3089718863,79.6910281137,0.934145921017,13.0657257615,-11.0657257615,-0.846927753076
2018-09-27 06:00:00,1026663.19439,6958.0,6538.0,15314.0428947,1205037.0,301.0,310.473735109,1.0,421440.404525,605222.789865,1.43608155119,3769.89414272,2768.10585728,0.734266202839,7060.64831363,8253.39458107,1.16892871794,968212.234597,236824.765403,0.244600054554,95.7820340008,205.217965999,2.14255176495,101.096560136,209.377174973,2.07106131695,10.8302882232,-9.83028822316,-0.907666353896
2018-09-27 06:30:00,541906.0,5311.0,5969.0,8565.0,1821268.6353,125.0,132.0,1.0,445883.44818,96022.5518201,0.215353479058,3989.43913166,1979.56086834,0.496200293578,7149.57289444,1415.42710556,0.197973658911,1018654.79058,802613.844716,0.787915447053,104.137301439,20.8626985613,0.200338382818,110.610642216,21.389357784,0.193375224621,9.21753945992,-8.21753945992,-0.891511177755
2018-09-27 07:05:00,636968.139186,5146.0,6914.58256077,10168.5692864,1633816.79653,122.0,140.0,10.0,473815.117008,163153.022178,0.344338997051,4212.08380785,2702.49875292,0.641606120913,7423.33071199,2745.23857441,0.369812242095,1085664.50989,548152.286639,0.504900253849,112.611070995,9.38892900497,0.0833748309293,118.430677913,21.5693220873,0.18212613883,5.85910628218,4.14089371782,0.706744939994
2018-09-27 07:45:00,819285.948882,6440.0,6640.42600366,10105.6395693,1526938.89696,213.0,95.3529254764,0.0,504482.861095,314803.087787,0.624011462161,4660.79548075,1979.63052291,0.424740911949,7668.9837824,2436.6557869,0.31772863994,1155821.40407,371117.492887,0.321085499524,120.332163936,92.6678360643,0.770100304302,129.415700978,-34.0627755014,-0.263204350353,6.13217863233,-6.13217863233,-1.0
2018-09-27 08:35:00,1007377.15657,5145.0,6613.0,17046.0,1239973.0,132.0,326.0,5.0,537059.029632,470318.126938,0.87572892548,5104.80829238,1508.19170762,0.295445317676,8052.10783159,8993.89216841,1.11696121767,1225051.63511,14921.364893,0.0121801926265,130.905186262,1.09481373773,0.00836340995336,141.430675235,184.569324765,1.30501621701,2.20210967115,2.79789032885,1.27054994831
2018-09-27 09:30:00,509484.0,6748.0,10383.6276522,6779.0,1694146.24141,143.0,162.0,1.0,562160.860563,-52676.8605628,-0.0937042477665,5487.89565807,4895.73199413,0.892096406194,8271.2380875,-1492.2380875,-0.180412904539,1268757.49294,425388.748472,0.335279792111,138.792007383,4.20799261742,0.0303186955559,161.557567404,0.442432595751,0.00273854455016,1.92151437605,-0.921514376053,-0.479577143704
2018-09-27 10:25:00,520827.645882,2382.0,7637.57035952,8622.339586,1397292.46816,41.0,166.0,0.0,572977.352228,-52149.7063457,-0.0910153012906,5805.15225493,1832.41810459,0.315653754479,8487.86081938,134.478766617,0.0158436583114,1300202.43974,97090.0284238,0.0746730089535,144.594837679,-103.594837679,-0.71644907482,178.778730535,-12.7787305353,-0.0714779129321,1.92384281077,-1.92384281077,-1.0
2018-09-27 11:05:00,453414.0,2229.0,5883.0,9080.0,1615434.01804,95.0,249.0,0.0,572930.452712,-119516.452712,-0.208605515986,5948.09003826,-65.0900382601,-0.010943014958,8585.36060029,494.639399707,0.0576142835153,1303609.51752,311824.50052,0.239200846825,134.761579385,-39.7615793848,-0.295051301464,182.759191317,66.2408086834,0.362448576218,2.00000806498,-2.00000806498,-1.0
2018-09-27 12:35:00,925375.354147,1000.0,15353.578689,36517.5248233,2555194.90583,53.0,125.0,0.0,554494.772869,370880.581278,0.668862177654,6227.58085758,9125.99783142,1.46541619292,9311.03357793,27206.4912454,2.92196253162,1302661.54642,1252533.35941,0.961518640703,117.26655479,-64.2665547902,-0.548038227142,184.241474932,-59.2414749322,-0.321542556875,2.14204071488,-2.14204071488,-1.0
2018-09-27 13:40:00,1167428.4467,634.0,7905.5002424,26501.1788274,2840897.11463,41.0,288.0,1.0,551338.817181,616089.629519,1.11744286874,6391.77406717,1513.72617523,0.236824105378,10304.7023233,16196.4765041,1.57175588348,1316962.45514,1523934.65949,1.15715877362,102.269555732,-61.2695557315,-0.599098678911,185.002723746,102.997276254,0.556733837041,1.78397010716,-0.783970107159,-0.439452490831
2018-09-27 14:10:00,1200715.66875,877380.803354,6108.0,18464.0,1496650.0,29.0,215.0,1.0,557943.75419,642771.91456,1.15203711796,6496.93753443,-388.937534427,-0.0598647489477,10899.5785743,7564.42142568,0.694010449495,1334794.66654,161855.333463,0.121258600683,98.8101006296,-69.8101006296,-0.706507737415,186.825515088,28.1744849117,0.150806408313,1.96736136331,-0.967361363308,-0.491704971618
2018-09-27 23:30:00,457748.912623,289.0,3140.88779052,6859.89372202,1235010.18326,28.0,241.158017903,0.0,291527.36248,166221.550143,0.570174781291,3026.85079431,114.036996208,0.0376751296835,7090.0991752,-230.205453182,-0.0324685801275,674295.665481,560714.517779,0.831555868565,19.3863831972,8.61361680282,0.444312727919,88.4136617219,152.744356181,1.72761033992,11.6009943329,-11.6009943329,-1.0
2018-09-28 02:45:00,1061606.41208,8396.14745918,8561.76244105,11053.571064,2069000.35168,305.0,181.494789061,6.00070056476,285171.8353,776434.57678,2.72269025433,2837.00010672,5724.76233433,2.0178928865,4987.77885139,6065.79221261,1.21613094592,695432.2536,1373568.09808,1.97512854914,54.8843377412,250.115662259,4.55714093588,76.3351937509,105.15959531,1.37760304445,11.0766817634,-5.07598119864,-0.458258285926
2018-09-28 04:10:00,747510.763582,10981.6665165,8113.72298388,12045.2393845,1862562.57083,193.111530305,99.5807253733,60.0,356784.642108,390726.121474,1.09513155938,3447.26317225,4666.45981163,1.3536708915,5681.25869667,6363.98068783,1.1201709036,860965.932788,1001596.63804,1.16334061535,70.4372464669,122.674283838,1.74161100826,103.316644325,-3.73591895121,-0.0361598944259,8.58124935122,51.4187506488,5.99198887531
2018-09-28 04:45:00,624797.0,4377.0,5760.0,8387.0,2056730.93505,43.0,120.0,0.0,390514.502621,234282.497379,0.599932898284,3761.72310533,1998.27689467,0.531213180426,6126.88729302,2260.11270698,0.368884328842,948254.183953,1108476.7511,1.16896584255,74.7132436507,-31.7132436507,-0.424466160229,112.333124984,7.66687501607,0.0682512394912,8.82397822424,-8.82397822424,-1.0
2018-09-28 05:30:00,576490.0,9279.0,7848.0,6918.0,2203163.06485,72.0,115.0,5.0,429458.887413,147031.112587,0.342363650856,4128.60657766,3719.39342234,0.900883470581,6613.75287322,304.247126778,0.0460021915862,1050743.83632,1152419.22853,1.09676515692,77.2304867405,-5.23048674047,-0.0677256736455,123.093814353,-8.09381435307,-0.0657532175407,8.88464604726,-3.88464604726,-0.43723137946
2018-09-28 06:05:00,908803.005385,7673.0,7144.0,6963.0,1583965.86009,192.0,123.0,6.0,459872.41078,448930.594605,0.976206843642,4462.03229091,2681.96770909,0.601064164091,6939.3435967,23.6564032978,0.00340902607979,1138647.38758,445318.472513,0.391094273233,82.267505842,109.732494158,1.33384977501,127.635621784,-4.63562178378,-0.0363191851851,7.35646982685,-1.35646982685,-0.18439140767
2018-09-28 06:35:00,800041.746923,8048.0,5348.0,8392.0,1527898.86634,148.0,71.0,0.0,488924.196401,311117.550522,0.636330852129,4685.8317808,662.168219201,0.1413128448,7217.41750829,1174.58249171,0.162742766421,1199053.47764,328845.388695,0.27425414698,89.3507339457,58.6492660543,0.656393780603,133.018087205,-62.0180872052,-0.466238001976,6.30633142052,-6.30633142052,-1.0
2018-09-28 07:30:00,989533.101043,5682.0,5818.55953182,23089.6790121,1436036.34835,107.0,209.0,7.0,544854.68979,444678.411253,0.816141293423,5142.30649438,676.253037437,0.131507726771,8124.7555877,14964.9234244,1.84189213606,1314798.98189,121237.366465,0.0922098116405,100.789122315,6.21087768473,0.061622499949,144.216880102,64.783119898,0.449206222268,5.69327901291,1.30672098709,0.229519927641
2018-09-28 08:05:00,720418.345749,6214.0,5420.13043854,9163.47755012,1737564.82546,123.0,190.0,0.0,575865.53615,144552.809599,0.251018337657,5370.86050922,49.2699293228,0.00917356338678,8874.69519992,288.782350204,0.0325399739031,1374407.10439,363157.72107,0.264228640779,105.811752237,17.188247763,0.162441764734,151.51037643,38.4896235699,0.25403952176,5.71712964865,-5.71712964865,-1.0
2018-09-28 08:55:00,584019.0,6367.0,3908.0,14384.0,1962950.93218,100.0,61.0,0.0,607881.579447,-23862.5794472,-0.0392553093465,5570.93919157,-1662.93919157,-0.298502484838,9402.73228159,4981.26771841,0.529768110931,1437020.98375,525929.948426,0.365986269075,113.904961456,-13.9049614564,-0.122075116647,151.208547705,-90.2085477051,-0.596583652672,6.86838443001,-6.86838443001,-1.0
2018-09-28 09:45:00,653699.347326,4804.0,4593.75343756,6627.70022106,1667893.0913,156.0,80.0,0.0,621938.723363,31760.6239632,0.0510671273071,5705.00174397,-1111.24830641,-0.194784919669,9775.96978307,-3148.26956201,-0.322041662553,1467011.3985,200881.692796,0.136932605296,124.64806269,31.3519373096,0.251523662967,145.626448951,-65.6264489515,-0.450649242799,7.30010894241,-7.30010894241,-1.0
2018-09-28 10:30:00,616383.569318,2863.43576883,5007.96462245,12222.5591998,1573083.52163,93.8153824429,254.441279263,4.13282405162,631228.204884,-14844.6355656,-0.0235170663332,5764.0136897,-756.049067253,-0.131167118601,10024.1833439,2198.37585585,0.219307227374,1495406.33655,77677.1850819,0.0519438651445,128.944189574,-35.1288071311,-0.272434199999,148.442978113,105.99830115,0.714067465488,7.5235085977,-3.39068454608,-0.450678629798
2018-09-28 11:10:00,500059.0,1896.0,6098.72723756,9534.0,1973667.67491,114.0,106.0,1.0,633468.057174,-133409.057174,-0.210601080296,5771.76626877,326.960968792,0.0566483384057,10355.5739426,-821.573942582,-0.0793363986523,1503845.15394,469822.520967,0.312414160284,124.232649458,-10.2326494576,-0.0823668295111,148.637713316,-42.6377133157,-0.286856628541,6.67281829725,-5.67281829725,-0.850138284087
2018-09-28 12:55:00,1185012.63644,719.0,9961.77762656,26314.1803249,2239111.12368,19.0,268.0,0.0,614486.879933,570525.756507,0.928458808705,5744.5791463,4217.19848026,0.73411791758,11099.7315599,15214.448765,1.37070420874,1492774.67616,746336.447521,0.499965908747,101.425991923,-82.4259919233,-0.812671292243,150.983139406,117.016860594,0.775032636454,8.08241637337,-8.08241637337,-1.0
2018-09-28 13:25:00,1376228.61589,709.872033347,11224.4570165,37305.007367,2998072.94744,24.0,301.064533448,25.6011071134,613375.136613,762853.479277,1.24369807927,5826.53701543,5397.92000107,0.926437090639,11530.7985245,25774.2088425,2.23524925769,1494669.13204,1503403.8154,1.00584389091,95.5686678038,-71.5686678038,-0.748871669434,152.748635678,148.31589777,0.970980180027,7.59455845236,18.006548661,2.37098032414
2018-09-28 14:10:00,1017305.72615,356.0,14403.2103852,32115.5986483,2723823.17183,25.0,86.0,2.0,623451.703096,393854.023054,0.631731409342,5899.54116498,8503.66922022,1.44141196449,12211.7933906,19903.8052577,1.62988388527,1526324.7048,1197498.46703,0.784563378464,91.5752851892,-66.5752851892,-0.727000577193,148.679325636,-62.6793256365,-0.42157391667,7.78611399089,-5.78611399089,-0.743132453193
