timestamp,t_value
1535731200000,2163288
1535731500000,1589309
1535731800000,1354685
1535732100000,1248242
1535732400000,1132266
1535732700000,1058135
1535733000000,1030316
1535733300000,971826
1535733600000,884944
1535733900000,825885
1535734200000,771212
1535734500000,726499
1535734800000,701970
1535735100000,655957
1535735400000,616883
1535735700000,594537
1535736000000,563870
1535736300000,535586
1535736600000,533551
1535736900000,482716
1535737200000,459951
1535737500000,423895
1535737800000,393144
1535738100000,374989
1535738400000,361157
1535738700000,351205
1535739000000,339418
1535739300000,323050
1535739600000,312579
1535739900000,318116
1535740200000,321458
1535740500000,330851
1535740800000,339615
1535741100000,332955
1535741400000,324880
1535741700000,306704
1535742000000,313332
1535742300000,299670
1535742600000,293646
1535742900000,280637
1535743200000,244685
1535743500000,223540
1535743800000,226247
1535744100000,237754
1535744400000,256874
1535744700000,256080
1535745000000,244928
1535745300000,253548
1535745600000,262355
1535745900000,248601
1535746200000,244849
1535746500000,256421
1535746800000,262535
1535747100000,241702
1535747400000,215797
1535747700000,214811
1535748000000,211448
1535748300000,208142
1535748600000,205250
1535748900000,208557
1535749200000,224710
1535749500000,230408
1535749800000,246936
1535750100000,261898
1535750400000,279875
1535750700000,295670
1535751000000,317371
1535751300000,339452
1535751600000,367268
1535751900000,390151
1535752200000,421742
1535752500000,442061
1535752800000,494291
1535753100000,533987
1535753400000,572125
1535753700000,620822
1535754000000,642235
1535754300000,676818
1535754600000,741052
1535754900000,775594
1535755200000,816502
1535755500000,835862
1535755800000,883208
1535756100000,899214
1535756400000,943968
1535756700000,976596
1535757000000,1004695
1535757300000,1021476
1535757600000,1032994
1535757900000,1042134
1535758200000,1104935
1535758500000,1112247
1535758800000,1131424
1535759100000,1152763
1535759400000,1158640
1535759700000,1189057
1535760000000,1232804
1535760300000,1227291
1535760600000,1274703
1535760900000,1304547
1535761200000,1325562
1535761500000,1353424
1535761800000,1437074
1535762100000,1421063
1535762400000,1458091
1535762700000,1478294
1535763000000,1531980
1535763300000,1533805
1535763600000,1607540
1535763900000,1610085
1535764200000,1607295
1535764500000,1602559
1535764800000,1620008
1535765100000,1661695
1535765400000,1961882
1535765700000,1874658
1535766000000,1847552
1535766300000,1830268
1535766600000,1846055
1535766900000,1915502
1535767200000,2052322
1535767500000,1964932
1535767800000,1933093
1535768100000,1914371
1535768400000,1930572
1535768700000,1949926
1535769000000,1941747
1535769300000,1961539
1535769600000,1898225
1535769900000,1908927
1535770200000,1881720
1535770500000,1879817
1535770800000,1840207
1535771100000,1846790
1535771400000,1863670
1535771700000,1857312
1535772000000,1787169
1535772300000,1766506
1535772600000,1995561
1535772900000,2052531
1535773200000,1963904
1535773500000,1914728
1535773800000,1921442
1535774100000,1897507
1535774400000,1869008
1535774700000,1844676
1535775000000,1821418
1535775300000,1807466
1535775600000,1820045
1535775900000,1840062
1535776200000,1819061
1535776500000,1807727
1535776800000,1737466
1535777100000,1788861
1535777400000,1775730
1535777700000,1758108
1535778000000,1741575
1535778300000,1742757
1535778600000,1747405
1535778900000,1736522
1535779200000,1750328
1535779500000,1754494
1535779800000,1793500
1535780100000,1769914
1535780400000,1757288
1535780700000,1734746
1535781000000,1730306
1535781300000,1732068
1535781600000,1770366
1535781900000,1760090
1535782200000,1720743
1535782500000,1732648
1535782800000,1734013
1535783100000,1693803
1535783400000,1702952
1535783700000,1751515
1535784000000,1752668
1535784300000,1728970
1535784600000,1759850
1535784900000,1719638
1535785200000,1721847
1535785500000,1666728
1535785800000,1689379
1535786100000,1719433
1535786400000,1702793
1535786700000,1694206
1535787000000,1718398
1535787300000,1744686
1535787600000,1659022
1535787900000,1673253
1535788200000,1711705
1535788500000,1680411
1535788800000,1743943
1535789100000,1678908
1535789400000,1651860
1535789700000,1665867
1535790000000,1650841
1535790300000,1636760
1535790600000,1639577
1535790900000,1628995
1535791200000,1680807
1535791500000,1657012
1535791800000,1655509
1535792100000,1628668
1535792400000,1637262
1535792700000,1651665
1535793000000,1683269
1535793300000,1611099
1535793600000,1632849
1535793900000,1624915
1535794200000,1562651
1535794500000,1555642
1535794800000,1498652
1535795100000,1473232
1535795400000,1486916
1535795700000,1471324
1535796000000,1444882
1535796300000,1425729
1535796600000,1445715
1535796900000,1417423
1535797200000,1394456
1535797500000,1404176
1535797800000,1347175
1535798100000,1376060
1535798400000,1386927
1535798700000,1395519
1535799000000,1394316
1535799300000,1348861
1535799600000,1384198
1535799900000,1375398
1535800200000,1358424
1535800500000,1446912
1535800800000,1505510
1535801100000,1607908
1535801400000,1852174
1535801700000,2085739
1535802000000,2338194
1535802300000,2483883
1535802600000,2562070
1535802900000,2598272
1535803200000,2735701
1535803500000,2722319
1535803800000,2700344
1535804100000,2668705
1535804400000,2596085
1535804700000,2216588
1535805000000,2026440
1535805300000,2118205
1535805600000,2299087
1535805900000,2462649
1535806200000,2574984
1535806500000,2688496
1535806800000,2719162
1535807100000,2817842
1535807400000,2807041
1535807700000,2980065
1535808000000,3086475
1535808300000,3080218
1535808600000,2666665
1535808900000,2272948
1535809200000,2053710
1535809500000,1954264
1535809800000,1954765
1535810100000,1988014
1535810400000,2074215
1535810700000,2084371
1535811000000,2054437
1535811300000,2059738
1535811600000,2033840
1535811900000,2007596
1535812200000,1973802
1535812500000,1970396
1535812800000,1976502
1535813100000,1904483
1535813400000,1751624
1535813700000,1707642
1535814000000,1710056
1535814300000,1754447
1535814600000,1732655
1535814900000,1701465
1535815200000,1677142
1535815500000,1661918
1535815800000,1580757
1535816100000,1528865
1535816400000,1467953
1535816700000,1426419
1535817000000,1374230
1535817300000,1135165
1535817600000,1487798
1535817900000,1387869
1535818200000,1331892
1535818500000,1260287
1535818800000,1214495
1535819100000,1161261
1535819400000,1134486
1535819700000,1100794
1535820000000,1078112
1535820300000,1032552
1535820600000,963000
1535820900000,928985
1535821200000,882448
1535821500000,868730
1535821800000,847684
1535822100000,778943
1535822400000,668933
1535822700000,613652
1535823000000,596631
1535823300000,616701
1535823600000,610326
1535823900000,608277
1535824200000,600816
1535824500000,561709
1535824800000,534573
1535825100000,518744
1535825400000,511787
1535825700000,482363
1535826000000,441412
1535826300000,430682
1535826600000,470154
1535826900000,486173
1535827200000,508982
1535827500000,575868
1535827800000,523713
1535828100000,528346
1535828400000,526768
1535828700000,509286
1535829000000,531626
1535829300000,515294
1535829600000,404890
1535829900000,393138
1535830200000,395385
1535830500000,394897
1535830800000,413525
1535831100000,425264
1535831400000,479388
1535831700000,450131
1535832000000,469272
1535832300000,444036
1535832600000,470400
1535832900000,474469
1535833200000,462436
1535833500000,364772
1535833800000,342423
1535834100000,310398
1535834400000,267098
1535834700000,251446
1535835000000,242549
1535835300000,242226
1535835600000,250112
1535835900000,256901
1535836200000,271388
1535836500000,270605
1535836800000,276139
1535837100000,296202
1535837400000,313820
1535837700000,331711
1535838000000,353481
1535838300000,383088
1535838600000,416128
1535838900000,449470
1535839200000,474899
1535839500000,508890
1535839800000,550773
1535840100000,581248
1535840400000,625138
1535840700000,659459
1535841000000,713684
1535841300000,735289
1535841600000,777567
1535841900000,820257
1535842200000,850299
1535842500000,893725
1535842800000,932872
1535843100000,959208
1535843400000,1018645
1535843700000,1019605
1535844000000,1035497
1535844300000,1034924
1535844600000,1077115
1535844900000,1082193
1535845200000,1112955
1535845500000,1142042
1535845800000,1154449
1535846100000,1154446
1535846400000,1205509
1535846700000,1229208
1535847000000,1263143
1535847300000,1318448
1535847600000,1348077
1535847900000,1390050
1535848200000,1408523
1535848500000,1409962
1535848800000,1412648
1535849100000,1458669
1535849400000,1485301
1535849700000,1511948
1535850000000,1544361
1535850300000,1556704
1535850600000,1571337
1535850900000,1561005
1535851200000,1608790
1535851500000,1790488
1535851800000,1834305
1535852100000,1765603
1535852400000,1770354
1535852700000,1800404
1535853000000,1859137
1535853300000,1880287
1535853600000,1936796
1535853900000,1920845
1535854200000,1853084
1535854500000,1873647
1535854800000,1851198
1535855100000,1817704
1535855400000,1838233
1535855700000,1803983
1535856000000,1805329
1535856300000,1825830
1535856600000,1756347
1535856900000,1765457
1535857200000,1842424
1535857500000,1793852
1535857800000,1773471
1535858100000,1736607
1535858400000,1731180
1535858700000,1869367
1535859000000,1803973
1535859300000,1775359
1535859600000,1739053
1535859900000,1700431
1535860200000,1687727
1535860500000,1675158
1535860800000,1687473
1535861100000,1686930
1535861400000,1689635
1535861700000,1681961
1535862000000,1727139
1535862300000,1698109
1535862600000,1693355
1535862900000,1720319
1535863200000,1671886
1535863500000,1655598
1535863800000,1654245
1535864100000,1668461
1535864400000,1633800
1535864700000,1629885
1535865000000,1578786
1535865300000,1579338
1535865600000,1584470
1535865900000,1562311
1535866200000,1577214
1535866500000,1584575
1535866800000,1541224
1535867100000,1541844
1535867400000,1542281
1535867700000,1547392
1535868000000,1599662
1535868300000,1632009
1535868600000,1589634
1535868900000,1568801
1535869200000,1580867
1535869500000,1536336
1535869800000,1555250
1535870100000,1569652
1535870400000,1546187
1535870700000,1539362
1535871000000,1523630
1535871300000,1554012
1535871600000,1550700
1535871900000,1572611
1535872200000,1558451
1535872500000,1570660
1535872800000,1542926
1535873100000,1532647
1535873400000,1580866
1535873700000,1549791
1535874000000,1552182
1535874300000,1549531
1535874600000,1547415
1535874900000,1545062
1535875200000,1603348
1535875500000,1579566
1535875800000,1557499
1535876100000,1569304
1535876400000,1540533
1535876700000,1580915
1535877000000,1555860
1535877300000,1543958
1535877600000,1550084
1535877900000,1523048
1535878200000,1493019
1535878500000,1500843
1535878800000,1508466
1535879100000,1500429
1535879400000,1493096
1535879700000,1507722
1535880000000,1501136
1535880300000,1467153
1535880600000,1474210
1535880900000,1472737
1535881200000,1456495
1535881500000,1441252
1535881800000,1412567
1535882100000,1386086
1535882400000,1353821
1535882700000,1381053
1535883000000,1330860
1535883300000,1340331
1535883600000,1349717
1535883900000,1335690
1535884200000,1321702
1535884500000,1296400
1535884800000,1308227
1535885100000,1304422
1535885400000,1279152
1535885700000,1296961
1535886000000,1309910
1535886300000,1365651
1535886600000,1378783
1535886900000,1428040
1535887200000,1517514
1535887500000,1639444
1535887800000,1934299
1535888100000,2407160
1535888400000,2706442
1535888700000,2883373
1535889000000,2958861
1535889300000,3115286
1535889600000,3191736
1535889900000,3279053
1535890200000,3301548
1535890500000,3327100
1535890800000,3258393
1535891100000,2328689
1535891400000,2217638
1535891700000,2411343
1535892000000,2889906
1535892300000,3392158
1535892600000,3666302
1535892900000,3761568
1535893200000,4020424
1535893500000,4049240
1535893800000,4110646
1535894100000,4014990
1535894400000,4105185
1535894700000,3926568
1535895000000,3074540
1535895300000,2237856
1535895600000,2019171
1535895900000,1968753
1535896200000,1934194
1535896500000,1906409
1535896800000,1907097
1535897100000,1883728
1535897400000,1857046
1535897700000,1863596
1535898000000,1827800
1535898300000,1757548
1535898600000,1690097
1535898900000,1660157
1535899200000,1635333
1535899500000,1614374
1535899800000,1613249
1535900100000,1627420
1535900400000,1724885
1535900700000,1796280
1535901000000,1719050
1535901300000,1716373
1535901600000,1723391
1535901900000,1581343
1535902200000,1639479
1535902500000,1590909
1535902800000,1487369
1535903100000,1396691
1535903400000,1190022
1535903700000,1081258
1535904000000,1623847
1535904300000,1606896
1535904600000,1525760
1535904900000,1435862
1535905200000,1420352
1535905500000,1339039
1535905800000,1312385
1535906100000,1279760
1535906400000,1255611
1535906700000,1233808
1535907000000,1145118
1535907300000,895152
1535907600000,840139
1535907900000,784567
1535908200000,720392
1535908500000,670502
1535908800000,595004
1535909100000,557790
1535909400000,537451
1535909700000,531397
1535910000000,510640
1535910300000,525793
1535910600000,476201
1535910900000,476142
1535911200000,462864
1535911500000,424987
1535911800000,397613
1535912100000,400122
1535912400000,362798
1535912700000,349735
1535913000000,318207
1535913300000,294427
1535913600000,278633
1535913900000,269698
1535914200000,264116
1535914500000,257226
1535914800000,260003
1535915100000,249307
1535915400000,232387
1535915700000,215526
1535916000000,217878
1535916300000,211184
1535916600000,201060
1535916900000,204966
1535917200000,200647
1535917500000,197696
1535917800000,195604
1535918100000,190383
1535918400000,187460
1535918700000,189354
1535919000000,193296
1535919300000,200411
1535919600000,197575
1535919900000,196809
1535920200000,192917
1535920500000,193156
1535920800000,197367
1535921100000,187513
1535921400000,200914
1535921700000,204721
1535922000000,211688
1535922300000,223786
1535922600000,239449
1535922900000,244007
1535923200000,248041
1535923500000,266136
1535923800000,288187
1535924100000,312129
1535924400000,355718
1535924700000,376754
1535925000000,413830
1535925300000,439037
1535925600000,487081
1535925900000,547987
1535926200000,573246
1535926500000,606088
1535926800000,648567
1535927100000,661684
1535927400000,709419
1535927700000,739537
1535928000000,784879
1535928300000,801073
1535928600000,830841
1535928900000,836328
1535929200000,871227
1535929500000,904024
1535929800000,904888
1535930100000,884705
1535930400000,927678
1535930700000,912735
1535931000000,948821
1535931300000,942462
1535931600000,944883
1535931900000,990916
1535932200000,993508
1535932500000,1018511
1535932800000,1019422
1535933100000,1025979
1535933400000,1061406
1535933700000,1105608
1535934000000,1140234
1535934300000,1184973
1535934600000,1199245
1535934900000,1247980
1535935200000,1258816
1535935500000,1284522
1535935800000,1354753
1535936100000,1349949
1535936400000,1405854
1535936700000,1447232
1535937000000,1439536
1535937300000,1465473
1535937600000,1465043
1535937900000,1458885
1535938200000,1482636
1535938500000,1467777
1535938800000,1504880
1535939100000,1523965
1535939400000,1541552
1535939700000,1594401
1535940000000,1729540
1535940300000,1685157
1535940600000,1640189
1535940900000,1636419
1535941200000,1810890
1535941500000,1763515
1535941800000,1737053
1535942100000,1732907
1535942400000,1721087
1535942700000,1726192
1535943000000,1688771
1535943300000,1666096
1535943600000,1676207
1535943900000,1677822
1535944200000,1634637
1535944500000,1651357
1535944800000,1640247
1535945100000,1615799
1535945400000,1608874
1535945700000,1660438
1535946000000,1774464
1535946300000,1694142
1535946600000,1644188
1535946900000,1654052
1535947200000,1608604
1535947500000,1568939
1535947800000,1607516
1535948100000,1625482
1535948400000,1679512
1535948700000,1687690
1535949000000,1722595
1535949300000,1728969
1535949600000,1715116
1535949900000,1705668
1535950200000,1700585
1535950500000,1678085
1535950800000,1624133
1535951100000,1638865
1535951400000,1584825
1535951700000,1548534
1535952000000,1508105
1535952300000,1539733
1535952600000,1489679
1535952900000,1458966
1535953200000,1459326
1535953500000,1465275
1535953800000,1450947
1535954100000,1456641
1535954400000,1512721
1535954700000,1507910
1535955000000,1501408
1535955300000,1508871
1535955600000,1498205
1535955900000,1494935
1535956200000,1502568
1535956500000,1488353
1535956800000,1466274
1535957100000,1484315
1535957400000,1491112
1535957700000,1501983
1535958000000,1493600
1535958300000,1508877
1535958600000,1477732
1535958900000,1468613
1535959200000,1463283
1535959500000,1460531
1535959800000,1485101
1535960100000,1520960
1535960400000,1452451
1535960700000,1489755
1535961000000,1487928
1535961300000,1467114
1535961600000,1495036
1535961900000,1467915
1535962200000,1474979
1535962500000,1424241
1535962800000,1448319
1535963100000,1466586
1535963400000,1428924
1535963700000,1437782
1535964000000,1427347
1535964300000,1453838
1535964600000,1442926
1535964900000,1427242
1535965200000,1477516
1535965500000,1429187
1535965800000,1397893
1535966100000,1412445
1535966400000,1391909
1535966700000,1373102
1535967000000,1348229
1535967300000,1334137
1535967600000,1336179
1535967900000,1335259
1535968200000,1339060
1535968500000,1364454
1535968800000,1297782
1535969100000,1267603
1535969400000,1315033
1535969700000,1339615
1535970000000,1331752
1535970300000,1274181
1535970600000,1277713
1535970900000,1243794
1535971200000,1250020
1535971500000,1245273
1535971800000,1270895
1535972100000,1234893
1535972400000,1246077
1535972700000,1263540
1535973000000,1287886
1535973300000,1291057
1535973600000,1307138
1535973900000,1319122
1535974200000,1353392
1535974500000,1333537
1535974800000,1350050
1535975100000,1384252
1535975400000,1377169
1535975700000,1411128
1535976000000,1508395
1535976300000,1470348
1535976600000,1716244
1535976900000,1741308
1535977200000,1496759
1535977500000,1536703
1535977800000,1534213
1535978100000,1555762
1535978400000,1541474
1535978700000,1586694
1535979000000,1605236
1535979300000,1612476
1535979600000,1651430
1535979900000,1636171
1535980200000,1638176
1535980500000,1631226
1535980800000,1647773
1535981100000,1662426
1535981400000,1703219
1535981700000,1713200
1535982000000,1754441
1535982300000,1765102
1535982600000,1778705
1535982900000,1776122
1535983200000,1810194
1535983500000,1773223
1535983800000,1789498
1535984100000,1765131
1535984400000,1773032
1535984700000,1732989
1535985000000,1738235
1535985300000,1736901
1535985600000,1708124
1535985900000,1680474
1535986200000,1608399
1535986500000,1553401
1535986800000,1528948
1535987100000,1463020
1535987400000,1416237
1535987700000,1376411
1535988000000,1331425
1535988300000,1263558
1535988600000,1238175
1535988900000,1166534
1535989200000,1127827
1535989500000,1107044
1535989800000,1066643
1535990100000,981393
1535990400000,1322662
1535990700000,1198287
1535991000000,1082777
1535991300000,1001037
1535991600000,910621
1535991900000,847205
1535992200000,781772
1535992500000,737284
1535992800000,700966
1535993100000,650445
1535993400000,605164
1535993700000,572569
1535994000000,562094
1535994300000,509988
1535994600000,472206
1535994900000,474520
1535995200000,454498
1535995500000,441534
1535995800000,391810
1535996100000,340405
1535996400000,313449
1535996700000,307796
1535997000000,298317
1535997300000,282732
1535997600000,274343
1535997900000,258556
1535998200000,250602
1535998500000,249919
1535998800000,246047
1535999100000,219820
1535999400000,208482
1535999700000,212187
1536000000000,199261
1536000300000,187060
1536000600000,186900
1536000900000,183311
1536001200000,180779
1536001500000,171859
1536001800000,159374
1536002100000,153617
1536002400000,149570
1536002700000,139318
1536003000000,147868
1536003300000,143580
1536003600000,146387
1536003900000,147823
1536004200000,143367
1536004500000,148177
1536004800000,143009
1536005100000,136369
1536005400000,144059
1536005700000,156463
1536006000000,155338
1536006300000,156613
1536006600000,147376
1536006900000,146628
1536007200000,150140
1536007500000,158378
1536007800000,161085
1536008100000,166645
1536008400000,182009
1536008700000,190348
1536009000000,205324
1536009300000,221833
1536009600000,231920
1536009900000,247094
1536010200000,276317
1536010500000,305853
1536010800000,342998
1536011100000,361496
1536011400000,399905
1536011700000,432848
1536012000000,501754
1536012300000,548400
1536012600000,578949
1536012900000,599483
1536013200000,650668
1536013500000,683876
1536013800000,738813
1536014100000,789900
1536014400000,816406
1536014700000,828587
1536015000000,859479
1536015300000,882044
1536015600000,914470
1536015900000,911593
1536016200000,930527
1536016500000,942660
1536016800000,940456
1536017100000,937291
1536017400000,953478
1536017700000,980370
1536018000000,962146
1536018300000,994778
1536018600000,993181
1536018900000,1039747
1536019200000,1054100
1536019500000,1113377
1536019800000,1131072
1536020100000,1163837
1536020400000,1203156
1536020700000,1286178
1536021000000,1310638
1536021300000,1353766
1536021600000,1396258
1536021900000,1427510
1536022200000,1407861
1536022500000,1435794
1536022800000,1510367
1536023100000,1517778
1536023400000,1509428
1536023700000,1513216
1536024000000,1521807
1536024300000,1554363
1536024600000,1562731
1536024900000,1547033
1536025200000,1569290
1536025500000,1636032
1536025800000,1802135
1536026100000,2032365
1536026400000,2267211
1536026700000,1822278
1536027000000,1797645
1536027300000,1708277
1536027600000,1669450
1536027900000,1664733
1536028200000,1692754
1536028500000,1721937
1536028800000,1723301
1536029100000,1741819
1536029400000,1721338
1536029700000,1711300
1536030000000,1693185
1536030300000,1703314
1536030600000,1675111
1536030900000,1666685
1536031200000,1626634
1536031500000,1620632
1536031800000,1584892
1536032100000,1603368
1536032400000,1577427
1536032700000,1762221
1536033000000,1657123
1536033300000,1650386
1536033600000,1631294
1536033900000,1610759
1536034200000,1654576
1536034500000,1694140
1536034800000,1728979
1536035100000,1749662
1536035400000,1777329
1536035700000,1783348
1536036000000,1771368
1536036300000,1720329
1536036600000,1728667
1536036900000,1666362
1536037200000,1632041
1536037500000,1604033
1536037800000,1563757
1536038100000,1564438
1536038400000,1553036
1536038700000,1509285
1536039000000,1512209
1536039300000,1517275
1536039600000,1508286
1536039900000,1462462
1536040200000,1466965
1536040500000,1470213
1536040800000,1559042
1536041100000,1553696
1536041400000,1534510
1536041700000,1544198
1536042000000,1523119
1536042300000,1525211
1536042600000,1568659
1536042900000,1595860
1536043200000,1572592
1536043500000,1576633
1536043800000,1572391
1536044100000,1557328
1536044400000,1549466
1536044700000,1555461
1536045000000,1550871
1536045300000,1521794
1536045600000,1498683
1536045900000,1522679
1536046200000,1524466
1536046500000,1506913
1536046800000,1495175
1536047100000,1482461
1536047400000,1482407
1536047700000,1494272
1536048000000,1549409
1536048300000,1516864
1536048600000,1488257
1536048900000,1491206
1536049200000,1538486
1536049500000,1480149
1536049800000,1485775
1536050100000,1457980
1536050400000,1446206
1536050700000,1449750
1536051000000,1425326
1536051300000,1390578
1536051600000,1421264
1536051900000,1413718
1536052200000,1380792
1536052500000,1389521
1536052800000,1386123
1536053100000,1402915
1536053400000,1313803
1536053700000,1323613
1536054000000,1347362
1536054300000,1310614
1536054600000,1298563
1536054900000,1293833
1536055200000,1291773
1536055500000,1276202
1536055800000,1275635
1536056100000,1283992
1536056400000,1275365
1536056700000,1236271
1536057000000,1231662
1536057300000,1224840
1536057600000,1271446
1536057900000,1224433
1536058200000,1245004
1536058500000,1235180
1536058800000,1249017
1536059100000,1265415
1536059400000,1226015
1536059700000,1281345
1536060000000,1276192
1536060300000,1283913
1536060600000,1303253
1536060900000,1328280
1536061200000,1331242
1536061500000,1341702
1536061800000,1346077
1536062100000,1400922
1536062400000,1481638
1536062700000,1478359
1536063000000,1540315
1536063300000,1507715
1536063600000,1535034
1536063900000,1539777
1536064200000,1592487
1536064500000,1578679
1536064800000,1569195
1536065100000,1571086
1536065400000,1611158
1536065700000,1597095
1536066000000,1606810
1536066300000,1637630
1536066600000,1665517
1536066900000,1642169
1536067200000,1640805
1536067500000,1642786
1536067800000,1599350
1536068100000,1657302
1536068400000,1700651
1536068700000,1682529
1536069000000,1720796
1536069300000,1692631
1536069600000,1779222
1536069900000,1765320
1536070200000,1772240
1536070500000,1764357
1536070800000,1723174
1536071100000,1717443
1536071400000,1733527
1536071700000,1695735
1536072000000,1641773
1536072300000,1655832
1536072600000,1592199
1536072900000,1523040
1536073200000,1480399
1536073500000,1437847
1536073800000,1378520
1536074100000,1328281
1536074400000,1265000
1536074700000,1233251
1536075000000,1181415
1536075300000,1138574
1536075600000,1075027
1536075900000,1041202
1536076200000,1008604
1536076500000,917205
1536076800000,1232402
1536077100000,1203028
1536077400000,1144391
1536077700000,1032983
1536078000000,936705
1536078300000,851848
1536078600000,798215
1536078900000,728274
1536079200000,672138
1536079500000,629846
1536079800000,583960
1536080100000,552898
1536080400000,524616
1536080700000,490493
1536081000000,480729
1536081300000,446712
1536081600000,413933
1536081900000,380352
1536082200000,353855
1536082500000,335060
1536082800000,327840
1536083100000,304310
1536083400000,279801
1536083700000,264485
1536084000000,258736
1536084300000,234757
1536084600000,231848
1536084900000,219058
1536085200000,220269
1536085500000,214213
1536085800000,199373
1536086100000,187640
1536086400000,179672
1536086700000,171980
1536087000000,171455
1536087300000,163563
1536087600000,161559
1536087900000,165655
1536088200000,152196
1536088500000,148578
1536088800000,156951
1536089100000,151324
1536089400000,145998
1536089700000,134952
1536090000000,140920
1536090300000,144870
1536090600000,142438
1536090900000,143725
1536091200000,140525
1536091500000,135100
1536091800000,134767
1536092100000,134707
1536092400000,140948
1536092700000,143325
1536093000000,145736
1536093300000,145077
1536093600000,153182
1536093900000,154355
1536094200000,171805
1536094500000,172904
1536094800000,176985
1536095100000,189565
1536095400000,214019
1536095700000,222723
1536096000000,252421
1536096300000,270100
1536096600000,300809
1536096900000,318750
1536097200000,343652
1536097500000,370535
1536097800000,396350
1536098100000,434697
1536098400000,504721
1536098700000,547740
1536099000000,585618
1536099300000,612226
1536099600000,657830
1536099900000,686444
1536100200000,737830
1536100500000,761842
1536100800000,789971
1536101100000,815772
1536101400000,839110
1536101700000,876289
1536102000000,917417
1536102300000,920215
1536102600000,908063
1536102900000,913433
1536103200000,930935
1536103500000,926847
1536103800000,921347
1536104100000,936358
1536104400000,965034
1536104700000,959401
1536105000000,980666
1536105300000,1029538
1536105600000,1051665
1536105900000,1059091
1536106200000,1097577
1536106500000,1146405
1536106800000,1200625
1536107100000,1205752
1536107400000,1252677
1536107700000,1278955
1536108000000,1282171
1536108300000,1320019
1536108600000,1354549
1536108900000,1381743
1536109200000,1418937
1536109500000,1445640
1536109800000,1473553
1536110100000,1554288
1536110400000,1507567
1536110700000,1517741
1536111000000,1563232
1536111300000,1544956
1536111600000,1555947
1536111900000,1570953
1536112200000,1599300
1536112500000,1885952
1536112800000,2003302
1536113100000,1826045
1536113400000,1785645
1536113700000,1716105
1536114000000,1721941
1536114300000,1708021
1536114600000,1698657
1536114900000,1684979
1536115200000,1653370
1536115500000,1693410
1536115800000,1684100
1536116100000,1677453
1536116400000,1673777
1536116700000,1696356
1536117000000,1671422
1536117300000,1751815
1536117600000,1702506
1536117900000,1641110
1536118200000,1630961
1536118500000,1581609
1536118800000,1606213
1536119100000,1571213
1536119400000,1549620
1536119700000,1544884
1536120000000,1566610
1536120300000,1535009
1536120600000,1536562
1536120900000,1569580
1536121200000,1615653
1536121500000,1637301
1536121800000,1662797
1536122100000,1675670
1536122400000,1662465
1536122700000,1677956
1536123000000,1643322
1536123300000,1654222
1536123600000,1598612
1536123900000,1582074
1536124200000,1563957
1536124500000,1519026
1536124800000,1512159
1536125100000,1480190
1536125400000,1481261
1536125700000,1473444
1536126000000,1465208
1536126300000,1426784
1536126600000,1429405
1536126900000,1473490
1536127200000,1473681
1536127500000,1466398
1536127800000,1452917
1536128100000,1447952
1536128400000,1450997
1536128700000,1424964
1536129000000,1426286
1536129300000,1461167
1536129600000,1450140
1536129900000,1442368
1536130200000,1477781
1536130500000,1468471
1536130800000,1483635
1536131100000,1493654
1536131400000,1502873
1536131700000,1506118
1536132000000,1484579
1536132300000,1478700
1536132600000,1473833
1536132900000,1477977
1536133200000,1509662
1536133500000,1454242
1536133800000,1453849
1536134100000,1474807
1536134400000,1498594
1536134700000,1549324
1536135000000,1539708
1536135300000,1529360
1536135600000,1502086
1536135900000,1484417
1536136200000,1471810
1536136500000,1485396
1536136800000,1468014
1536137100000,1459813
1536137400000,1458649
1536137700000,1459470
1536138000000,1417050
1536138300000,1397699
1536138600000,1387635
1536138900000,1375340
1536139200000,1367446
1536139500000,1351447
1536139800000,1326552
1536140100000,1326675
1536140400000,1301925
1536140700000,1317430
1536141000000,1299955
1536141300000,1273299
1536141600000,1229257
1536141900000,1208587
1536142200000,1200946
1536142500000,1239159
1536142800000,1218100
1536143100000,1239272
1536143400000,1185144
1536143700000,1191538
1536144000000,1181278
1536144300000,1185542
1536144600000,1211900
1536144900000,1241414
1536145200000,1237243
1536145500000,1228397
1536145800000,1266940
1536146100000,1255490
1536146400000,1254911
1536146700000,1279220
1536147000000,1284531
1536147300000,1312702
1536147600000,1325284
1536147900000,1386183
1536148200000,1406999
1536148500000,1411435
1536148800000,1494631
1536149100000,1540419
1536149400000,1565782
1536149700000,1538728
1536150000000,1518069
1536150300000,1525884
1536150600000,1558023
1536150900000,1530228
1536151200000,1571892
1536151500000,1617106
1536151800000,1656116
1536152100000,1659475
1536152400000,1667002
1536152700000,1677054
1536153000000,1666862
1536153300000,1686806
1536153600000,1723680
1536153900000,1720327
1536154200000,1786843
1536154500000,1722285
1536154800000,1757417
1536155100000,1765882
1536155400000,1784359
1536155700000,1738732
1536156000000,1783436
1536156300000,1717875
1536156600000,1688096
1536156900000,1698516
1536157200000,1673221
1536157500000,1651897
1536157800000,1627257
1536158100000,1607434
1536158400000,1543377
1536158700000,1502203
1536159000000,1458238
1536159300000,1407234
1536159600000,1390158
1536159900000,1359289
1536160200000,1307287
1536160500000,1255371
1536160800000,1240255
1536161100000,1178631
1536161400000,1137989
1536161700000,1116514
1536162000000,1050856
1536162300000,1022043
1536162600000,997667
1536162900000,931261
1536163200000,1439391
1536163500000,1408968
1536163800000,1271450
1536164100000,1136608
1536164400000,1056632
1536164700000,964706
1536165000000,891105
1536165300000,812990
1536165600000,768446
1536165900000,702428
1536166200000,656233
1536166500000,589546
1536166800000,547857
1536167100000,515360
1536167400000,491424
1536167700000,483057
1536168000000,447387
1536168300000,417564
1536168600000,398188
1536168900000,374229
1536169200000,328875
1536169500000,313848
1536169800000,294558
1536170100000,274065
1536170400000,268052
1536170700000,264350
1536171000000,244861
1536171300000,227406
1536171600000,218106
1536171900000,213121
1536172200000,205518
1536172500000,194340
1536172800000,194578
1536173100000,186023
1536173400000,179141
1536173700000,170404
1536174000000,168124
1536174300000,160135
1536174600000,157266
1536174900000,158291
1536175200000,146324
1536175500000,148936
1536175800000,149815
1536176100000,145874
1536176400000,150198
1536176700000,154536
1536177000000,148415
1536177300000,149261
1536177600000,151785
1536177900000,151259
1536178200000,147608
1536178500000,142772
1536178800000,158388
1536179100000,148183
1536179400000,154214
1536179700000,150845
1536180000000,155273
1536180300000,159576
1536180600000,167178
1536180900000,171477
1536181200000,184413
1536181500000,198268
1536181800000,207817
1536182100000,218538
1536182400000,234714
1536182700000,260979
1536183000000,281420
1536183300000,308228
1536183600000,336421
1536183900000,375715
1536184200000,407219
1536184500000,437725
1536184800000,511808
1536185100000,549919
1536185400000,604086
1536185700000,637368
1536186000000,666026
1536186300000,708071
1536186600000,748534
1536186900000,781884
1536187200000,836380
1536187500000,848402
1536187800000,879753
1536188100000,897283
1536188400000,936856
1536188700000,957498
1536189000000,978163
1536189300000,1001093
1536189600000,985662
1536189900000,977688
1536190200000,1000484
1536190500000,999806
1536190800000,1017858
1536191100000,1038777
1536191400000,1031883
1536191700000,1063009
1536192000000,1080819
1536192300000,1126714
1536192600000,1147895
1536192900000,1182818
1536193200000,1226626
1536193500000,1259938
1536193800000,1283375
1536194100000,1352968
1536194400000,1377959
1536194700000,1418719
1536195000000,1475614
1536195300000,1488121
1536195600000,1502580
1536195900000,1539134
1536196200000,1568408
1536196500000,1577974
1536196800000,1599428
1536197100000,1679452
1536197400000,1669785
1536197700000,1705640
1536198000000,1687466
1536198300000,1685435
1536198600000,1699059
1536198900000,1784181
1536199200000,2070793
1536199500000,2146434
1536199800000,1954422
1536200100000,1902126
1536200400000,1866000
1536200700000,1857281
1536201000000,1851699
1536201300000,1832942
1536201600000,1814512
1536201900000,1766626
1536202200000,1759377
1536202500000,1769461
1536202800000,1748896
1536203100000,1740669
1536203400000,1735878
1536203700000,1733106
1536204000000,1673832
1536204300000,1720021
1536204600000,1670597
1536204900000,1667435
1536205200000,1615458
1536205500000,1637415
1536205800000,1599409
1536206100000,1805009
1536206400000,1651772
1536206700000,1610112
1536207000000,1583104
1536207300000,1610105
1536207600000,1641964
1536207900000,1662289
1536208200000,1651369
1536208500000,1676340
1536208800000,1680083
1536209100000,1681881
1536209400000,1658103
1536209700000,1668634
1536210000000,1612988
1536210300000,1583166
1536210600000,1534405
1536210900000,1527123
1536211200000,1479741
1536211500000,1506004
1536211800000,1479509
1536212100000,1442226
1536212400000,1487344
1536212700000,1495161
1536213000000,1464024
1536213300000,1440429
1536213600000,1504831
1536213900000,1464954
1536214200000,1460915
1536214500000,1458530
1536214800000,1473633
1536215100000,1478596
1536215400000,1473928
1536215700000,1505681
1536216000000,1495551
1536216300000,1479930
1536216600000,1458433
1536216900000,1471461
1536217200000,1513454
1536217500000,1517472
1536217800000,1504274
1536218100000,1517245
1536218400000,1513715
1536218700000,1526845
1536219000000,1553273
1536219300000,1555128
1536219600000,1486470
1536219900000,1490004
1536220200000,1480583
1536220500000,1518097
1536220800000,1563919
1536221100000,1520918
1536221400000,1535562
1536221700000,1506708
1536222000000,1497014
1536222300000,1487277
1536222600000,1461518
1536222900000,1492989
1536223200000,1498548
1536223500000,1469463
1536223800000,1434958
1536224100000,1442479
1536224400000,1381021
1536224700000,1381885
1536225000000,1353715
1536225300000,1373590
1536225600000,1395571
1536225900000,1393949
1536226200000,1333363
1536226500000,1298075
1536226800000,1305650
1536227100000,1283608
1536227400000,1297202
1536227700000,1325313
1536228000000,1273278
1536228300000,1221679
1536228600000,1280293
1536228900000,1269735
1536229200000,1283520
1536229500000,1287687
1536229800000,1303397
1536230100000,1278929
1536230400000,1226631
1536230700000,1262124
1536231000000,1278799
1536231300000,1275345
1536231600000,1294114
1536231900000,1283366
1536232200000,1282825
1536232500000,1278197
1536232800000,1293835
1536233100000,1339207
1536233400000,1328889
1536233700000,1359973
1536234000000,1378345
1536234300000,1389469
1536234600000,1411514
1536234900000,1474061
1536235200000,1547071
1536235500000,1467399
1536235800000,1490149
1536236100000,1519690
1536236400000,1556860
1536236700000,1565257
1536237000000,1572381
1536237300000,1582875
1536237600000,1598263
1536237900000,1612010
1536238200000,1631181
1536238500000,1621734
1536238800000,1673990
1536239100000,1672463
1536239400000,1661487
1536239700000,1684336
1536240000000,1697017
1536240300000,1692947
1536240600000,1701658
1536240900000,1684874
1536241200000,1722295
1536241500000,1758574
1536241800000,1730423
1536242100000,1792200
1536242400000,1815459
1536242700000,1780104
1536243000000,1760859
1536243300000,1766673
1536243600000,1725215
1536243900000,1704435
1536244200000,1684046
1536244500000,1651221
1536244800000,1647394
1536245100000,1589076
1536245400000,1555375
1536245700000,1718055
1536246000000,1646167
1536246300000,1556153
1536246600000,1525339
1536246900000,1479501
1536247200000,1426290
1536247500000,1393090
1536247800000,1335409
1536248100000,1292291
1536248400000,1220163
1536248700000,1194508
1536249000000,1236062
1536249300000,1186569
1536249600000,2160158
1536249900000,2079525
1536250200000,1966834
1536250500000,1854643
1536250800000,1733146
1536251100000,1647282
1536251400000,1557378
1536251700000,1426657
1536252000000,1307360
1536252300000,1222307
1536252600000,1140928
1536252900000,1048209
1536253200000,981216
1536253500000,908578
1536253800000,852745
1536254100000,804968
1536254400000,738296
1536254700000,672349
1536255000000,644996
1536255300000,615322
1536255600000,555012
1536255900000,487541
1536256200000,455985
1536256500000,428695
1536256800000,403896
1536257100000,369996
1536257400000,354125
1536257700000,338229
1536258000000,315173
1536258300000,304583
1536258600000,286654
1536258900000,274601
1536259200000,264780
1536259500000,255139
1536259800000,245278
1536260100000,242889
1536260400000,231983
1536260700000,222673
1536261000000,214769
1536261300000,215098
1536261600000,204429
1536261900000,199942
1536262200000,200083
1536262500000,198222
1536262800000,187673
1536263100000,188880
1536263400000,192329
1536263700000,189836
1536264000000,197469
1536264300000,195820
1536264600000,186454
1536264900000,189650
1536265200000,185885
1536265500000,196606
1536265800000,201110
1536266100000,203857
1536266400000,205328
1536266700000,216897
1536267000000,219857
1536267300000,226682
1536267600000,241961
1536267900000,249073
1536268200000,265811
1536268500000,286864
1536268800000,301169
1536269100000,326953
1536269400000,360336
1536269700000,386052
1536270000000,423545
1536270300000,463807
1536270600000,515521
1536270900000,562833
1536271200000,626141
1536271500000,684250
1536271800000,735402
1536272100000,781935
1536272400000,833205
1536272700000,879157
1536273000000,937203
1536273300000,985919
1536273600000,1037648
1536273900000,1088767
1536274200000,1108883
1536274500000,1135341
1536274800000,1174011
1536275100000,1187505
1536275400000,1201790
1536275700000,1204376
1536276000000,1213638
1536276300000,1229275
1536276600000,1233852
1536276900000,1239727
1536277200000,1276583
1536277500000,1290574
1536277800000,1328597
1536278100000,1361320
1536278400000,1410074
1536278700000,1464824
1536279000000,1482407
1536279300000,1497187
1536279600000,1578761
1536279900000,1637020
1536280200000,1703863
1536280500000,1716827
1536280800000,1738743
1536281100000,1820796
1536281400000,1809584
1536281700000,1894808
1536282000000,2087951
1536282300000,2122598
1536282600000,2177197
1536282900000,2223336
1536283200000,2215331
1536283500000,2187873
1536283800000,2281306
1536284100000,2305448
1536284400000,2349096
1536284700000,2418775
1536285000000,2879655
1536285300000,3642949
1536285600000,3755290
1536285900000,2690723
1536286200000,2490609
1536286500000,2428666
1536286800000,2309103
1536287100000,2286533
1536287400000,2328304
1536287700000,2274048
1536288000000,2271432
1536288300000,2261286
1536288600000,2219567
1536288900000,2189679
1536289200000,2221377
1536289500000,2151900
1536289800000,2137451
1536290100000,2129195
1536290400000,2153191
1536290700000,2169481
1536291000000,2119171
1536291300000,2095724
1536291600000,2054774
1536291900000,2044828
1536292200000,1995712
1536292500000,1982350
1536292800000,1973737
1536293100000,1916020
1536293400000,1920883
1536293700000,1920125
1536294000000,1937522
1536294300000,1990955
1536294600000,1973883
1536294900000,1985324
1536295200000,1998495
1536295500000,2010041
1536295800000,1992668
1536296100000,1979458
1536296400000,1999981
1536296700000,1926043
1536297000000,1902453
1536297300000,1852772
1536297600000,1801222
1536297900000,1802616
1536298200000,1779636
1536298500000,1756214
1536298800000,1779548
1536299100000,1760886
1536299400000,1809504
1536299700000,1777845
1536300000000,1820398
1536300300000,1816761
1536300600000,1819121
1536300900000,1814981
1536301200000,1813390
1536301500000,1755202
1536301800000,1816821
1536302100000,1805910
1536302400000,1814756
1536302700000,1857972
1536303000000,1841643
1536303300000,1841157
1536303600000,2160201
1536303900000,2037466
1536304200000,1920204
1536304500000,1871918
1536304800000,1882306
1536305100000,1855859
1536305400000,1866223
1536305700000,1853422
1536306000000,1858890
1536306300000,1899333
1536306600000,1849659
1536306900000,1838262
1536307200000,1910849
1536307500000,1911337
1536307800000,1865086
1536308100000,1886491
1536308400000,1842971
1536308700000,1887389
1536309000000,1851871
1536309300000,1834452
1536309600000,1850352
1536309900000,1854005
1536310200000,1855327
1536310500000,1824962
1536310800000,1792270
1536311100000,1757044
1536311400000,1736829
1536311700000,1714726
1536312000000,1732145
1536312300000,1706722
1536312600000,1715162
1536312900000,1695226
1536313200000,1651423
1536313500000,1662756
1536313800000,1647263
1536314100000,1629116
1536314400000,1663960
1536314700000,1657130
1536315000000,1628373
1536315300000,1613321
1536315600000,1579563
1536315900000,1589196
1536316200000,1596554
1536316500000,1616659
1536316800000,1560100
1536317100000,1580684
1536317400000,1550509
1536317700000,1579083
1536318000000,1593413
1536318300000,1573225
1536318600000,1610783
1536318900000,1629920
1536319200000,1641241
1536319500000,1667838
1536319800000,1773867
1536320100000,1761251
1536320400000,1754626
1536320700000,1785559
1536321000000,1810107
1536321300000,2109975
1536321600000,2388042
1536321900000,2104368
1536322200000,2067481
1536322500000,2033962
1536322800000,2000014
1536323100000,1960825
1536323400000,1978708
1536323700000,1981576
1536324000000,1962503
1536324300000,1979891
1536324600000,2012711
1536324900000,2027076
1536325200000,2047096
1536325500000,2118092
1536325800000,2108097
1536326100000,2018301
1536326400000,2045057
1536326700000,2029992
1536327000000,2056618
1536327300000,2068444
1536327600000,2098505
1536327900000,2122023
1536328200000,2080023
1536328500000,2129566
1536328800000,2470746
1536329100000,2273047
1536329400000,2204808
1536329700000,2164379
1536330000000,2123301
1536330300000,2046677
1536330600000,2069097
1536330900000,2004789
1536331200000,1960105
1536331500000,1926106
1536331800000,1913202
1536332100000,1873865
1536332400000,1864530
1536332700000,1782518
1536333000000,1730491
1536333300000,1696200
1536333600000,1634666
1536333900000,1577821
1536334200000,1517413
1536334500000,1462196
1536334800000,1407843
1536335100000,1400875
1536335400000,1408598
1536335700000,1316512
1536336000000,2066011
1536336300000,1904711
1536336600000,1802129
1536336900000,1665529
1536337200000,1571034
1536337500000,1441918
1536337800000,1352550
1536338100000,1272840
1536338400000,1176513
1536338700000,1044714
1536339000000,894907
1536339300000,838882
1536339600000,823582
1536339900000,795943
1536340200000,773579
1536340500000,755111
1536340800000,720829
1536341100000,705360
1536341400000,656681
1536341700000,618653
1536342000000,594411
1536342300000,590355
1536342600000,527127
1536342900000,431561
1536343200000,389857
1536343500000,380254
1536343800000,355934
1536344100000,347130
1536344400000,299303
1536344700000,286061
1536345000000,281121
1536345300000,260787
1536345600000,253417
1536345900000,241318
1536346200000,227235
1536346500000,225508
1536346800000,226121
1536347100000,216641
1536347400000,217665
1536347700000,208887
1536348000000,201318
1536348300000,201426
1536348600000,199600
1536348900000,196788
1536349200000,189977
1536349500000,193085
1536349800000,181734
1536350100000,187555
1536350400000,185690
1536350700000,182058
1536351000000,187061
1536351300000,184311
1536351600000,188656
1536351900000,194795
1536352200000,192677
1536352500000,193639
1536352800000,200294
1536353100000,207513
1536353400000,211229
1536353700000,227395
1536354000000,233987
1536354300000,247351
1536354600000,256440
1536354900000,280173
1536355200000,301670
1536355500000,311213
1536355800000,354059
1536356100000,380597
1536356400000,420204
1536356700000,451722
1536357000000,501635
1536357300000,555407
1536357600000,605037
1536357900000,655987
1536358200000,703005
1536358500000,761694
1536358800000,787943
1536359100000,837344
1536359400000,915296
1536359700000,950506
1536360000000,1005117
1536360300000,1037516
1536360600000,1065878
1536360900000,1118588
1536361200000,1133456
1536361500000,1164336
1536361800000,1179365
1536362100000,1202177
1536362400000,1253322
1536362700000,1243004
1536363000000,1277531
1536363300000,1295495
1536363600000,1294411
1536363900000,1335018
1536364200000,1350709
1536364500000,1358992
1536364800000,1424177
1536365100000,1465647
1536365400000,1519524
1536365700000,1547928
1536366000000,1549440
1536366300000,1508919
1536366600000,1492868
1536366900000,1556807
1536367200000,1576846
1536367500000,1594343
1536367800000,1620655
1536368100000,1640304
1536368400000,1726876
1536368700000,1703831
1536369000000,1786083
1536369300000,1775431
1536369600000,1765853
1536369900000,1801265
1536370200000,1890355
1536370500000,1835249
1536370800000,1903505
1536371100000,1898210
1536371400000,1895228
1536371700000,2074177
1536372000000,2109802
1536372300000,2067296
1536372600000,2004615
1536372900000,1970842
1536373200000,2005918
1536373500000,2006770
1536373800000,2022113
1536374100000,1986701
1536374400000,2004934
1536374700000,1965374
1536375000000,1980341
1536375300000,2024792
1536375600000,1995692
1536375900000,1996309
1536376200000,1957273
1536376500000,1977172
1536376800000,1957511
1536377100000,1923957
1536377400000,1878885
1536377700000,1836211
1536378000000,1877783
1536378300000,1862282
1536378600000,1875889
1536378900000,1835135
1536379200000,1823455
1536379500000,1795213
1536379800000,1760293
1536380100000,1757292
1536380400000,1818044
1536380700000,1809729
1536381000000,1787660
1536381300000,1778959
1536381600000,1771399
1536381900000,1809680
1536382200000,1810429
1536382500000,1765284
1536382800000,1810153
1536383100000,1814097
1536383400000,1833137
1536383700000,1804819
1536384000000,1777394
1536384300000,1779494
1536384600000,1748996
1536384900000,1726207
1536385200000,1685146
1536385500000,1696798
1536385800000,1702689
1536386100000,1708709
1536386400000,1742598
1536386700000,1734128
1536387000000,1724364
1536387300000,1717017
1536387600000,1709646
1536387900000,1719430
1536388200000,1721649
1536388500000,1729202
1536388800000,1739069
1536389100000,1723988
1536389400000,1798147
1536389700000,1786845
1536390000000,1762267
1536390300000,1763937
1536390600000,1768903
1536390900000,1747921
1536391200000,1775059
1536391500000,1743822
1536391800000,1770201
1536392100000,1827800
1536392400000,1831917
1536392700000,1891767
1536393000000,1856804
1536393300000,1823712
1536393600000,1829315
1536393900000,1800097
1536394200000,1773688
1536394500000,1715061
1536394800000,1739905
1536395100000,1695307
1536395400000,1713456
1536395700000,1719163
1536396000000,1745307
1536396300000,1757341
1536396600000,1699019
1536396900000,1730641
1536397200000,1720986
1536397500000,1749956
1536397800000,1639865
1536398100000,1641618
1536398400000,1666824
1536398700000,1628807
1536399000000,1608964
1536399300000,1595081
1536399600000,1598552
1536399900000,1563197
1536400200000,1579935
1536400500000,1568290
1536400800000,1522603
1536401100000,1479237
1536401400000,1477339
1536401700000,1476639
1536402000000,1449119
1536402300000,1426720
1536402600000,1431247
1536402900000,1438501
1536403200000,1494679
1536403500000,1398914
1536403800000,1405486
1536404100000,1419391
1536404400000,1420649
1536404700000,1439285
1536405000000,1420738
1536405300000,1461691
1536405600000,1465972
1536405900000,1479793
1536406200000,1523624
1536406500000,1550343
1536406800000,1579652
1536407100000,1571010
1536407400000,1575639
1536407700000,1560389
1536408000000,1619651
1536408300000,1660346
1536408600000,1631010
1536408900000,1661700
1536409200000,1681795
1536409500000,1698514
1536409800000,1696903
1536410100000,1710702
1536410400000,1718484
1536410700000,1758986
1536411000000,1753167
1536411300000,1758169
1536411600000,1781173
1536411900000,1770055
1536412200000,1768743
1536412500000,1799124
1536412800000,1792304
1536413100000,1814297
1536413400000,1808537
1536413700000,1821726
1536414000000,1810479
1536414300000,1813608
1536414600000,1796030
1536414900000,1793211
1536415200000,1853262
1536415500000,1840120
1536415800000,1786125
1536416100000,1760511
1536416400000,1767739
1536416700000,1755169
1536417000000,1747697
1536417300000,1732280
1536417600000,1709343
1536417900000,1704428
1536418200000,1662569
1536418500000,1631627
1536418800000,1595150
1536419100000,1568082
1536419400000,1524488
1536419700000,1498897
1536420000000,1422480
1536420300000,1392852
1536420600000,1356836
1536420900000,1314619
1536421200000,1271056
1536421500000,1231227
1536421800000,1207047
1536422100000,1111891
1536422400000,1929575
1536422700000,1901906
1536423000000,1763269
1536423300000,1670715
1536423600000,1565141
1536423900000,1456458
1536424200000,1351215
1536424500000,1250714
1536424800000,1142865
1536425100000,1060997
1536425400000,997153
1536425700000,930471
1536426000000,882310
1536426300000,841218
1536426600000,775998
1536426900000,739965
1536427200000,689095
1536427500000,639032
1536427800000,611306
1536428100000,561164
1536428400000,527522
1536428700000,493567
1536429000000,469404
1536429300000,439509
1536429600000,426852
1536429900000,403466
1536430200000,374463
1536430500000,349833
1536430800000,335513
1536431100000,324162
1536431400000,311795
1536431700000,303466
1536432000000,284740
1536432300000,282727
1536432600000,262555
1536432900000,250099
1536433200000,253801
1536433500000,237835
1536433800000,229193
1536434100000,221660
1536434400000,210096
1536434700000,211011
1536435000000,200945
1536435300000,205042
1536435600000,194877
1536435900000,194206
1536436200000,188987
1536436500000,186477
1536436800000,185817
1536437100000,189127
1536437400000,184015
1536437700000,184424
1536438000000,180875
1536438300000,183048
1536438600000,187279
1536438900000,184094
1536439200000,187397
1536439500000,197751
1536439800000,202992
1536440100000,210881
1536440400000,219229
1536440700000,225387
1536441000000,241707
1536441300000,253933
1536441600000,271585
1536441900000,290157
1536442200000,318529
1536442500000,357414
1536442800000,388028
1536443100000,420953
1536443400000,458954
1536443700000,500917
1536444000000,572352
1536444300000,596838
1536444600000,656875
1536444900000,689445
1536445200000,750371
1536445500000,799848
1536445800000,841162
1536446100000,893783
1536446400000,940711
1536446700000,1001200
1536447000000,1028751
1536447300000,1059228
1536447600000,1121307
1536447900000,1150646
1536448200000,1186963
1536448500000,1235308
1536448800000,1239087
1536449100000,1280113
1536449400000,1304383
1536449700000,1323242
1536450000000,1361956
1536450300000,1354407
1536450600000,1372765
1536450900000,1387077
1536451200000,1471760
1536451500000,1480362
1536451800000,1500217
1536452100000,1518660
1536452400000,1563818
1536452700000,1603976
1536453000000,1630870
1536453300000,1655261
1536453600000,1677478
1536453900000,1718380
1536454200000,1727265
1536454500000,1740967
1536454800000,1798299
1536455100000,1801109
1536455400000,1828054
1536455700000,1859418
1536456000000,1862390
1536456300000,1892320
1536456600000,1912948
1536456900000,1926056
1536457200000,1918391
1536457500000,1924568
1536457800000,1938265
1536458100000,2088390
1536458400000,2164151
1536458700000,2186595
1536459000000,2111259
1536459300000,2122815
1536459600000,2133848
1536459900000,2127893
1536460200000,2073701
1536460500000,2098230
1536460800000,2096917
1536461100000,2052650
1536461400000,2011245
1536461700000,2006599
1536462000000,2005236
1536462300000,1966107
1536462600000,1962669
1536462900000,1968185
1536463200000,1944606
1536463500000,1962238
1536463800000,1952770
1536464100000,1914754
1536464400000,1887211
1536464700000,1903065
1536465000000,1914389
1536465300000,1872292
1536465600000,1916988
1536465900000,1951942
1536466200000,1837971
1536466500000,1877743
1536466800000,1891787
1536467100000,1852495
1536467400000,1903848
1536467700000,1920566
1536468000000,1846249
1536468300000,1849222
1536468600000,1861533
1536468900000,1805931
1536469200000,1845992
1536469500000,1844303
1536469800000,1845853
1536470100000,1825331
1536470400000,1808574
1536470700000,1793532
1536471000000,1802718
1536471300000,1825517
1536471600000,1787653
1536471900000,1746127
1536472200000,1729186
1536472500000,1749917
1536472800000,1789168
1536473100000,1754467
1536473400000,1768950
1536473700000,1733295
1536474000000,1746198
1536474300000,1756122
1536474600000,1754378
1536474900000,1750140
1536475200000,1747736
1536475500000,1747981
1536475800000,1742540
1536476100000,1753574
1536476400000,2116979
1536476700000,2012586
1536477000000,1977945
1536477300000,1922745
1536477600000,1875166
1536477900000,1818302
1536478200000,1841563
1536478500000,1834341
1536478800000,1846397
1536479100000,1857976
1536479400000,1819352
1536479700000,1817049
1536480000000,1849231
1536480300000,1888724
1536480600000,1855513
1536480900000,1816461
1536481200000,1799643
1536481500000,1793175
1536481800000,1800999
1536482100000,1790936
1536482400000,1821894
1536482700000,1775811
1536483000000,1778680
1536483300000,1806778
1536483600000,1747423
1536483900000,1746972
1536484200000,1734722
1536484500000,1729856
1536484800000,1696343
1536485100000,1696269
1536485400000,1664471
1536485700000,1662093
1536486000000,1677804
1536486300000,1695379
1536486600000,1659357
1536486900000,1622125
1536487200000,1588943
1536487500000,1557718
1536487800000,1528931
1536488100000,1543106
1536488400000,1532307
1536488700000,1529966
1536489000000,1460613
1536489300000,1463285
1536489600000,1460057
1536489900000,1502796
1536490200000,1470406
1536490500000,1440996
1536490800000,1455007
1536491100000,1442504
1536491400000,1448231
1536491700000,1472111
1536492000000,1521685
1536492300000,1530745
1536492600000,1563148
1536492900000,1552583
1536493200000,1556541
1536493500000,1576047
1536493800000,1598202
1536494100000,1865778
1536494400000,1832379
1536494700000,1782538
1536495000000,1770130
1536495300000,1792636
1536495600000,1791316
1536495900000,1795783
1536496200000,1810359
1536496500000,1820079
1536496800000,1781898
1536497100000,1829484
1536497400000,1875357
1536497700000,1890656
1536498000000,1916077
1536498300000,1910235
1536498600000,1953531
1536498900000,1974596
1536499200000,1967856
1536499500000,1946010
1536499800000,1949528
1536500100000,1929204
1536500400000,1931783
1536500700000,1970068
1536501000000,1940096
1536501300000,1951747
1536501600000,2000655
1536501900000,1951210
1536502200000,1921395
1536502500000,1910148
1536502800000,1870157
1536503100000,1872566
1536503400000,1838461
1536503700000,1791735
1536504000000,1766024
1536504300000,1744002
1536504600000,1706953
1536504900000,1655532
1536505200000,1600513
1536505500000,1576622
1536505800000,1533882
1536506100000,1467337
1536506400000,1398065
1536506700000,1369155
1536507000000,1311444
1536507300000,1270870
1536507600000,1234505
1536507900000,1189995
1536508200000,1151066
1536508500000,1046103
1536508800000,1453099
1536509100000,1310385
1536509400000,1198450
1536509700000,1081044
1536510000000,1009638
1536510300000,930829
1536510600000,849102
1536510900000,763898
1536511200000,706043
1536511500000,642641
1536511800000,618769
1536512100000,570176
1536512400000,532383
1536512700000,497702
1536513000000,463640
1536513300000,442497
1536513600000,412647
1536513900000,384195
1536514200000,370078
1536514500000,345909
1536514800000,324205
1536515100000,297682
1536515400000,292301
1536515700000,287477
1536516000000,277336
1536516300000,261102
1536516600000,252828
1536516900000,238655
1536517200000,220997
1536517500000,208933
1536517800000,207019
1536518100000,188475
1536518400000,184931
1536518700000,190880
1536519000000,188376
1536519300000,179105
1536519600000,178025
1536519900000,169046
1536520200000,155800
1536520500000,166121
1536520800000,168876
1536521100000,161104
1536521400000,142951
1536521700000,138630
1536522000000,150087
1536522300000,143147
1536522600000,139512
1536522900000,143932
1536523200000,130785
1536523500000,130984
1536523800000,137753
1536524100000,138768
1536524400000,139826
1536524700000,137558
1536525000000,142543
1536525300000,153872
1536525600000,156845
1536525900000,158712
1536526200000,166824
1536526500000,168487
1536526800000,185191
1536527100000,194959
1536527400000,202129
1536527700000,217090
1536528000000,233473
1536528300000,256788
1536528600000,279335
1536528900000,307846
1536529200000,332913
1536529500000,375449
1536529800000,403389
1536530100000,443640
1536530400000,508224
1536530700000,566037
1536531000000,600253
1536531300000,617566
1536531600000,668776
1536531900000,697714
1536532200000,738395
1536532500000,774364
1536532800000,796591
1536533100000,814454
1536533400000,863207
1536533700000,897772
1536534000000,895887
1536534300000,918202
1536534600000,931780
1536534900000,939686
1536535200000,917889
1536535500000,918639
1536535800000,939729
1536536100000,943279
1536536400000,949907
1536536700000,958049
1536537000000,961462
1536537300000,985540
1536537600000,1018731
1536537900000,1055843
1536538200000,1077815
1536538500000,1107267
1536538800000,1112759
1536539100000,1131892
1536539400000,1193575
1536539700000,1238494
1536540000000,1254447
1536540300000,1276690
1536540600000,837728
1536540900000,474186
1536541200000,442085
1536541500000,257328
1536541800000,170597
1536542100000,348542
1536542400000,495665
1536542700000,260894
1536543000000,479564
1536543300000,1365832
1536543600000,1545802
1536543900000,1577280
1536544200000,1569590
1536544500000,1621087
1536544800000,1705814
1536545100000,1701023
1536545400000,1632821
1536545700000,1698911
1536546000000,1665751
1536546300000,1696148
1536546600000,1671248
1536546900000,1679966
1536547200000,1671417
1536547500000,1682278
1536547800000,1820929
1536548100000,1829318
1536548400000,1794761
1536548700000,1804341
1536549000000,1808465
1536549300000,1823821
1536549600000,1807882
1536549900000,1741368
1536550200000,1700762
1536550500000,1675065
1536550800000,1591832
1536551100000,1663323
1536551400000,1634752
1536551700000,1583473
1536552000000,1551941
1536552300000,1571009
1536552600000,1566761
1536552900000,1605177
1536553200000,1641645
1536553500000,1668984
1536553800000,1690152
1536554100000,1673625
1536554400000,1675984
1536554700000,1692173
1536555000000,1692727
1536555300000,1672511
1536555600000,1636456
1536555900000,1611087
1536556200000,1595961
1536556500000,1560078
1536556800000,1533832
1536557100000,1506369
1536557400000,1522414
1536557700000,1496639
1536558000000,1481964
1536558300000,1475510
1536558600000,1469861
1536558900000,1508866
1536559200000,1572182
1536559500000,1593645
1536559800000,1589692
1536560100000,1577153
1536560400000,1561941
1536560700000,1553101
1536561000000,1574869
1536561300000,1651342
1536561600000,1641356
1536561900000,1668234
1536562200000,1677736
1536562500000,1621508
1536562800000,1732818
1536563100000,1648127
1536563400000,1653690
1536563700000,1688903
1536564000000,1700820
1536564300000,1690049
1536564600000,1677624
1536564900000,1692790
1536565200000,1680622
1536565500000,1677187
1536565800000,1661582
1536566100000,1629341
1536566400000,1646279
1536566700000,1625442
1536567000000,1615513
1536567300000,1574015
1536567600000,1568647
1536567900000,1583087
1536568200000,1589166
1536568500000,1573697
1536568800000,1566074
1536569100000,1578353
1536569400000,1594472
1536569700000,1597166
1536570000000,1580669
1536570300000,1553743
1536570600000,1510335
1536570900000,1496955
1536571200000,1513293
1536571500000,1463455
1536571800000,1443007
1536572100000,1408942
1536572400000,1440946
1536572700000,1390156
1536573000000,1404245
1536573300000,1387848
1536573600000,1367284
1536573900000,1349849
1536574200000,1395348
1536574500000,1426610
1536574800000,1452976
1536575100000,1389096
1536575400000,1373602
1536575700000,1327422
1536576000000,1319645
1536576300000,1329075
1536576600000,1335773
1536576900000,1320977
1536577200000,1330263
1536577500000,1377013
1536577800000,1389040
1536578100000,1400898
1536578400000,1437614
1536578700000,1420588
1536579000000,1467561
1536579300000,1483431
1536579600000,1448823
1536579900000,1461725
1536580200000,1483390
1536580500000,1507200
1536580800000,1589253
1536581100000,1603045
1536581400000,1562696
1536581700000,1571648
1536582000000,1586981
1536582300000,1634580
1536582600000,1625629
1536582900000,1603622
1536583200000,1643088
1536583500000,1642045
1536583800000,1662949
1536584100000,1636133
1536584400000,1688347
1536584700000,1715618
1536585000000,1708780
1536585300000,1715730
1536585600000,1735146
1536585900000,1752567
1536586200000,1741281
1536586500000,1759430
1536586800000,1791325
1536587100000,1816145
1536587400000,1815436
1536587700000,1774635
1536588000000,1830873
1536588300000,1791932
1536588600000,1778737
1536588900000,1737065
1536589200000,1736365
1536589500000,1721559
1536589800000,1681188
1536590100000,1657849
1536590400000,1636205
1536590700000,1575548
1536591000000,1527222
1536591300000,1468443
1536591600000,1444619
1536591900000,1399117
1536592200000,1371262
1536592500000,1313104
1536592800000,1257801
1536593100000,1209204
1536593400000,1160520
1536593700000,1121042
1536594000000,1066708
1536594300000,1039630
1536594600000,1030533
1536594900000,976716
1536595200000,1470990
1536595500000,1352535
1536595800000,1309252
1536596100000,1289471
1536596400000,1201444
1536596700000,1166777
1536597000000,1124240
1536597300000,1027786
1536597600000,987491
1536597900000,926718
1536598200000,786992
1536598500000,759558
1536598800000,730566
1536599100000,682226
1536599400000,663813
1536599700000,641723
1536600000000,597466
1536600300000,580324
1536600600000,559205
1536600900000,531941
1536601200000,516291
1536601500000,484447
1536601800000,451687
1536602100000,380201
1536602400000,356735
1536602700000,317885
1536603000000,320432
1536603300000,280053
1536603600000,264580
1536603900000,240970
1536604200000,231210
1536604500000,224088
1536604800000,218575
1536605100000,203612
1536605400000,197319
1536605700000,190492
1536606000000,197653
1536606300000,195324
1536606600000,185082
1536606900000,174704
1536607200000,167684
1536607500000,158969
1536607800000,165418
1536608100000,157925
1536608400000,158676
1536608700000,157960
1536609000000,154533
1536609300000,162384
1536609600000,157321
1536609900000,157506
1536610200000,158125
1536610500000,153516
1536610800000,158014
1536611100000,161118
1536611400000,162366
1536611700000,175525
1536612000000,169330
1536612300000,175662
1536612600000,177388
1536612900000,179672
1536613200000,202474
1536613500000,208806
1536613800000,218069
1536614100000,233952
1536614400000,242115
1536614700000,259368
1536615000000,287960
1536615300000,316864
1536615600000,359307
1536615900000,386225
1536616200000,416955
1536616500000,458421
1536616800000,514915
1536617100000,574503
1536617400000,623253
1536617700000,669248
1536618000000,697754
1536618300000,735474
1536618600000,781470
1536618900000,819718
1536619200000,864403
1536619500000,886314
1536619800000,915203
1536620100000,931297
1536620400000,965175
1536620700000,978606
1536621000000,995890
1536621300000,980531
1536621600000,993318
1536621900000,986194
1536622200000,1004054
1536622500000,1018956
1536622800000,1032640
1536623100000,1039539
1536623400000,1057098
1536623700000,1080796
1536624000000,1120259
1536624300000,1118465
1536624600000,1144659
1536624900000,1173097
1536625200000,1229071
1536625500000,1266589
1536625800000,1264157
1536626100000,1284579
1536626400000,1316553
1536626700000,1340821
1536627000000,1407182
1536627300000,1440135
1536627600000,1441735
1536627900000,1457150
1536628200000,1538246
1536628500000,1544718
1536628800000,1556970
1536629100000,1580931
1536629400000,1579497
1536629700000,1594284
1536630000000,1582997
1536630300000,1602601
1536630600000,1675481
1536630900000,1966965
1536631200000,1975558
1536631500000,1814972
1536631800000,1851068
1536632100000,2044742
1536632400000,1871917
1536632700000,1854462
1536633000000,1865801
1536633300000,1831119
1536633600000,1792145
1536633900000,1771188
1536634200000,1740255
1536634500000,1758335
1536634800000,1764758
1536635100000,1756587
1536635400000,1768206
1536635700000,1773529
1536636000000,1754264
1536636300000,1699251
1536636600000,1663432
1536636900000,1644844
1536637200000,1613719
1536637500000,1613100
1536637800000,1603778
1536638100000,1575807
1536638400000,1573825
1536638700000,1556004
1536639000000,1608985
1536639300000,1651146
1536639600000,1689416
1536639900000,1738200
1536640200000,1735101
1536640500000,1747368
1536640800000,1708514
1536641100000,1746376
1536641400000,1709173
1536641700000,1675095
1536642000000,1668746
1536642300000,1607301
1536642600000,1553252
1536642900000,1548091
1536643200000,1505411
1536643500000,1519853
1536643800000,1539799
1536644100000,1518899
1536644400000,1492069
1536644700000,1480854
1536645000000,1499727
1536645300000,1551544
1536645600000,1558494
1536645900000,1551420
1536646200000,1543495
1536646500000,1528369
1536646800000,1545312
1536647100000,1518396
1536647400000,1524147
1536647700000,1520884
1536648000000,1469547
1536648300000,1481685
1536648600000,1508959
1536648900000,1542641
1536649200000,1612319
1536649500000,1522167
1536649800000,1499883
1536650100000,1506111
1536650400000,1471384
1536650700000,1510483
1536651000000,1514753
1536651300000,1533808
1536651600000,1502229
1536651900000,1491979
1536652200000,1458547
1536652500000,1499286
1536652800000,1532580
1536653100000,1529850
1536653400000,1483539
1536653700000,1470760
1536654000000,1450164
1536654300000,1436535
1536654600000,1444833
1536654900000,1458741
1536655200000,1437140
1536655500000,1421729
1536655800000,1430567
1536656100000,1452052
1536656400000,1419662
1536656700000,1405292
1536657000000,1433095
1536657300000,1387985
1536657600000,1390066
1536657900000,1367514
1536658200000,1358555
1536658500000,1339946
1536658800000,1321005
1536659100000,1313862
1536659400000,1309648
1536659700000,1290445
1536660000000,1256357
1536660300000,1272710
1536660600000,1276650
1536660900000,1266734
1536661200000,1278049
1536661500000,1252978
1536661800000,1239922
1536662100000,1246117
1536662400000,1266733
1536662700000,1238362
1536663000000,1256425
1536663300000,1278029
1536663600000,1282191
1536663900000,1301296
1536664200000,1282411
1536664500000,1287003
1536664800000,1303164
1536665100000,1322864
1536665400000,1362900
1536665700000,1390830
1536666000000,1393926
1536666300000,1377384
1536666600000,1399604
1536666900000,1485377
1536667200000,1515589
1536667500000,1468218
1536667800000,1493663
1536668100000,1541147
1536668400000,1562502
1536668700000,1576345
1536669000000,1578891
1536669300000,1581172
1536669600000,1620797
1536669900000,1640977
1536670200000,1643889
1536670500000,1636513
1536670800000,1629405
1536671100000,1671753
1536671400000,1683872
1536671700000,1686158
1536672000000,1699972
1536672300000,1707748
1536672600000,1691122
1536672900000,1697846
1536673200000,1684133
1536673500000,1724570
1536673800000,1718988
1536674100000,1745943
1536674400000,1802857
1536674700000,1788453
1536675000000,1749606
1536675300000,1763749
1536675600000,1736775
1536675900000,1736995
1536676200000,1697460
1536676500000,1665509
1536676800000,1658121
1536677100000,1575748
1536677400000,1535140
1536677700000,1520413
1536678000000,1453053
1536678300000,1435994
1536678600000,1403904
1536678900000,1342370
1536679200000,1297503
1536679500000,1267548
1536679800000,1212797
1536680100000,1179449
1536680400000,1183202
1536680700000,1161092
1536681000000,1166039
1536681300000,1210863
1536681600000,2580894
1536681900000,2318472
1536682200000,2116247
1536682500000,1951115
1536682800000,1752152
1536683100000,1597961
1536683400000,1475297
1536683700000,1347832
1536684000000,1241983
1536684300000,1128200
1536684600000,1040447
1536684900000,943359
1536685200000,884764
1536685500000,818102
1536685800000,751324
1536686100000,707014
1536686400000,650089
1536686700000,595572
1536687000000,545702
1536687300000,521139
1536687600000,479775
1536687900000,445452
1536688200000,418889
1536688500000,390333
1536688800000,371641
1536689100000,359581
1536689400000,336131
1536689700000,310828
1536690000000,290269
1536690300000,274826
1536690600000,272181
1536690900000,261812
1536691200000,256444
1536691500000,239379
1536691800000,240822
1536692100000,233983
1536692400000,237940
1536692700000,229594
1536693000000,225819
1536693300000,217805
1536693600000,206722
1536693900000,206813
1536694200000,197975
1536694500000,198491
1536694800000,197699
1536695100000,191087
1536695400000,180143
1536695700000,174109
1536696000000,183551
1536696300000,178337
1536696600000,186561
1536696900000,184989
1536697200000,190925
1536697500000,179044
1536697800000,197015
1536698100000,193008
1536698400000,199830
1536698700000,210208
1536699000000,216072
1536699300000,222775
1536699600000,238115
1536699900000,252820
1536700200000,261716
1536700500000,292883
1536700800000,308641
1536701100000,338242
1536701400000,373392
1536701700000,412100
1536702000000,456994
1536702300000,490308
1536702600000,537505
1536702900000,578861
1536703200000,658354
1536703500000,718839
1536703800000,745950
1536704100000,818634
1536704400000,856324
1536704700000,888157
1536705000000,966017
1536705300000,1007048
1536705600000,1024533
1536705900000,1069928
1536706200000,1092668
1536706500000,1120855
1536706800000,1174785
1536707100000,1192477
1536707400000,1212055
1536707700000,1196203
1536708000000,1195616
1536708300000,1190626
1536708600000,1231025
1536708900000,1211644
1536709200000,1209216
1536709500000,1236352
1536709800000,1267820
1536710100000,1293723
1536710400000,1334800
1536710700000,1371565
1536711000000,1392059
1536711300000,1412819
1536711600000,1477298
1536711900000,1519251
1536712200000,1543581
1536712500000,1561432
1536712800000,1589020
1536713100000,1611856
1536713400000,1677514
1536713700000,1722470
1536714000000,1777347
1536714300000,1777628
1536714600000,1804874
1536714900000,1813868
1536715200000,1783306
1536715500000,1794019
1536715800000,1821122
1536716100000,1866870
1536716400000,1912531
1536716700000,1949223
1536717000000,1901211
1536717300000,2029449
1536717600000,2565577
1536717900000,2413475
1536718200000,2230650
1536718500000,2239755
1536718800000,2241468
1536719100000,2225731
1536719400000,2198950
1536719700000,2240213
1536720000000,2159452
1536720300000,2190501
1536720600000,2264292
1536720900000,2317923
1536721200000,2258153
1536721500000,2200653
1536721800000,2263310
1536722100000,2212911
1536722400000,2192883
1536722700000,2087463
1536723000000,2040906
1536723300000,2019923
1536723600000,2003004
1536723900000,1980275
1536724200000,1945659
1536724500000,1939940
1536724800000,1895863
1536725100000,1838027
1536725400000,1862116
1536725700000,1888273
1536726000000,1889320
1536726300000,1912984
1536726600000,1974182
1536726900000,1948836
1536727200000,1983507
1536727500000,2032155
1536727800000,1934661
1536728100000,1956812
1536728400000,1921760
1536728700000,1882650
1536729000000,1853736
1536729300000,1810053
1536729600000,1780864
1536729900000,1743737
1536730200000,1715794
1536730500000,1693186
1536730800000,1694861
1536731100000,1711920
1536731400000,1709390
1536731700000,1728956
1536732000000,1746685
1536732300000,1771555
1536732600000,1707267
1536732900000,1719736
1536733200000,1702259
1536733500000,1649756
1536733800000,1717647
1536734100000,1744426
1536734400000,1763015
1536734700000,1766185
1536735000000,1764825
1536735300000,1864068
1536735600000,1995792
1536735900000,1873941
1536736200000,1794580
1536736500000,1758319
1536736800000,1796874
1536737100000,1837201
1536737400000,1805215
1536737700000,1801652
1536738000000,1759394
1536738300000,1751983
1536738600000,1754949
1536738900000,1725497
1536739200000,1766786
1536739500000,1760133
1536739800000,1716027
1536740100000,1711984
1536740400000,1697215
1536740700000,1659421
1536741000000,1626070
1536741300000,1638678
1536741600000,1650493
1536741900000,1628276
1536742200000,1652159
1536742500000,1671212
1536742800000,1654439
1536743100000,1616280
1536743400000,1617742
1536743700000,1602012
1536744000000,1574743
1536744300000,1588107
1536744600000,1535410
1536744900000,1526689
1536745200000,1515071
1536745500000,1507630
1536745800000,1487489
1536746100000,1479608
1536746400000,1454103
1536746700000,1436266
1536747000000,1438106
1536747300000,1441163
1536747600000,1463287
1536747900000,1423433
1536748200000,1382349
1536748500000,1418109
1536748800000,1396849
1536749100000,1389699
1536749400000,1373360
1536749700000,1418325
1536750000000,1408994
1536750300000,1456066
1536750600000,1460750
1536750900000,1465529
1536751200000,1493297
1536751500000,1553908
1536751800000,1527779
1536752100000,1539959
1536752400000,1546002
1536752700000,1568706
1536753000000,1629743
1536753300000,1728047
1536753600000,1865710
1536753900000,1741556
1536754200000,1903789
1536754500000,1859285
1536754800000,1883502
1536755100000,1835221
1536755400000,1850125
1536755700000,1829568
1536756000000,1803623
1536756300000,1839017
1536756600000,1842665
1536756900000,1827249
1536757200000,1860886
1536757500000,1869626
1536757800000,1930183
1536758100000,1924397
1536758400000,1940759
1536758700000,1919091
1536759000000,1971500
1536759300000,1971095
1536759600000,1979788
1536759900000,2254147
1536760200000,2459478
1536760500000,2397316
1536760800000,2290658
1536761100000,2167795
1536761400000,2108800
1536761700000,2101816
1536762000000,2044990
1536762300000,1969876
1536762600000,1964523
1536762900000,1941833
1536763200000,1865915
1536763500000,1831284
1536763800000,1796329
1536764100000,1769068
1536764400000,1760954
1536764700000,1694367
1536765000000,1645268
1536765300000,1584244
1536765600000,1564928
1536765900000,1507153
1536766200000,1445412
1536766500000,1366920
1536766800000,1333855
1536767100000,1286420
1536767400000,1277816
1536767700000,1216906
1536768000000,1614364
1536768300000,1415068
1536768600000,1353710
1536768900000,1201039
1536769200000,1072827
1536769500000,967213
1536769800000,884202
1536770100000,844678
1536770400000,747387
1536770700000,697691
1536771000000,628715
1536771300000,599814
1536771600000,541572
1536771900000,501633
1536772200000,468514
1536772500000,440717
1536772800000,408624
1536773100000,374111
1536773400000,361709
1536773700000,336080
1536774000000,312933
1536774300000,308143
1536774600000,291047
1536774900000,279449
1536775200000,276084
1536775500000,269073
1536775800000,246387
1536776100000,232813
1536776400000,226288
1536776700000,210142
1536777000000,203276
1536777300000,201680
1536777600000,195359
1536777900000,195425
1536778200000,192152
1536778500000,191544
1536778800000,196923
1536779100000,190658
1536779400000,185419
1536779700000,175742
1536780000000,178796
1536780300000,169015
1536780600000,175062
1536780900000,163271
1536781200000,163334
1536781500000,156763
1536781800000,154901
1536782100000,163280
1536782400000,167616
1536782700000,164360
1536783000000,159431
1536783300000,165634
1536783600000,164674
1536783900000,167246
1536784200000,177827
1536784500000,169292
1536784800000,172425
1536785100000,177246
1536785400000,186403
1536785700000,194810
1536786000000,209230
1536786300000,213476
1536786600000,231194
1536786900000,242238
1536787200000,263200
1536787500000,279057
1536787800000,302648
1536788100000,329071
1536788400000,380455
1536788700000,410122
1536789000000,445607
1536789300000,483345
1536789600000,550371
1536789900000,624942
1536790200000,681780
1536790500000,714071
1536790800000,757297
1536791100000,799375
1536791400000,843429
1536791700000,891287
1536792000000,949018
1536792300000,977162
1536792600000,987368
1536792900000,1001934
1536793200000,1055213
1536793500000,1061387
1536793800000,1090450
1536794100000,1071175
1536794400000,1058276
1536794700000,1067517
1536795000000,1078870
1536795300000,1105919
1536795600000,1097037
1536795900000,1115193
1536796200000,1147530
1536796500000,1186888
1536796800000,1227923
1536797100000,1257390
1536797400000,1296440
1536797700000,1333780
1536798000000,1380180
1536798300000,1429676
1536798600000,1488825
1536798900000,1492607
1536799200000,1513080
1536799500000,1518131
1536799800000,1573541
1536800100000,1598058
1536800400000,1687551
1536800700000,1687284
1536801000000,1703986
1536801300000,1898273
1536801600000,1749410
1536801900000,1783573
1536802200000,1805447
1536802500000,1746676
1536802800000,1745498
1536803100000,1716711
1536803400000,1707910
1536803700000,1711709
1536804000000,1828298
1536804300000,1803731
1536804600000,1824591
1536804900000,1814817
1536805200000,1803666
1536805500000,1823026
1536805800000,1808528
1536806100000,1838741
1536806400000,1799124
1536806700000,1823072
1536807000000,1818487
1536807300000,1827606
1536807600000,1843202
1536807900000,1826282
1536808200000,1799898
1536808500000,1749521
1536808800000,1741166
1536809100000,1909134
1536809400000,1853494
1536809700000,1882312
1536810000000,1834228
1536810300000,1792110
1536810600000,1797512
1536810900000,1825068
1536811200000,1709828
1536811500000,1682206
1536811800000,1686032
1536812100000,1739327
1536812400000,1798672
1536812700000,1757894
1536813000000,1770678
1536813300000,1802920
1536813600000,1798939
1536813900000,1785346
1536814200000,1779480
1536814500000,1744337
1536814800000,1691407
1536815100000,1669558
1536815400000,1664249
1536815700000,1633920
1536816000000,1581518
1536816300000,1587095
1536816600000,1635259
1536816900000,1584500
1536817200000,1614142
1536817500000,1573987
1536817800000,1576260
1536818100000,1562185
1536818400000,1624400
1536818700000,1629984
1536819000000,1585112
1536819300000,1601616
1536819600000,1600513
1536819900000,1593741
1536820200000,1623948
1536820500000,1645653
1536820800000,1579865
1536821100000,1656223
1536821400000,1654737
1536821700000,1647667
1536822000000,1639570
1536822300000,1611696
1536822600000,1637707
1536822900000,1677206
1536823200000,1657085
1536823500000,1642011
1536823800000,1628103
1536824100000,1578680
1536824400000,1611165
1536824700000,1567606
1536825000000,1549848
1536825300000,1593214
1536825600000,1620466
1536825900000,1662270
1536826200000,1557198
1536826500000,1583584
1536826800000,1537736
1536827100000,1521286
1536827400000,1523661
1536827700000,1541458
1536828000000,1558106
1536828300000,1578852
1536828600000,1598129
1536828900000,1523787
1536829200000,1502431
1536829500000,1481865
1536829800000,1473851
1536830100000,1459914
1536830400000,1498205
1536830700000,1501119
1536831000000,1431720
1536831300000,1409300
1536831600000,1388425
1536831900000,1406470
1536832200000,1393218
1536832500000,1400165
1536832800000,1487101
1536833100000,1473869
1536833400000,1433977
1536833700000,1397912
1536834000000,1357755
1536834300000,1355137
1536834600000,1336299
1536834900000,1337025
1536835200000,1320704
1536835500000,1314340
1536835800000,1338450
1536836100000,1337439
1536836400000,1389522
1536836700000,1450449
1536837000000,1423321
1536837300000,1433703
1536837600000,1420555
1536837900000,1396445
1536838200000,1394943
1536838500000,1451266
1536838800000,1476759
1536839100000,1479496
1536839400000,1480153
1536839700000,1474425
1536840000000,1565192
1536840300000,1574297
1536840600000,1584492
1536840900000,1573371
1536841200000,1538193
1536841500000,1544929
1536841800000,1556711
1536842100000,1556506
1536842400000,1536500
1536842700000,1560079
1536843000000,1645243
1536843300000,1613789
1536843600000,1630246
1536843900000,1624223
1536844200000,1583748
1536844500000,1627011
1536844800000,1647684
1536845100000,1643648
1536845400000,1655572
1536845700000,1665295
1536846000000,1615399
1536846300000,1635252
1536846600000,1633546
1536846900000,1631963
1536847200000,1657276
1536847500000,1623990
1536847800000,1664027
1536848100000,1670650
1536848400000,1615140
1536848700000,1567249
1536849000000,1538395
1536849300000,1516637
1536849600000,1487079
1536849900000,1456735
1536850200000,1430439
1536850500000,1398234
1536850800000,1396991
1536851100000,1325178
1536851400000,1308224
1536851700000,1239286
1536852000000,1183757
1536852300000,1137659
1536852600000,1086028
1536852900000,1039152
1536853200000,998327
1536853500000,964737
1536853800000,940640
1536854100000,883610
1536854400000,1325052
1536854700000,1226656
1536855000000,1129744
1536855300000,1063422
1536855600000,996490
1536855900000,901426
1536856200000,816235
1536856500000,775274
1536856800000,690660
1536857100000,651425
1536857400000,606470
1536857700000,558801
1536858000000,539202
1536858300000,503418
1536858600000,462174
1536858900000,432290
1536859200000,403779
1536859500000,383147
1536859800000,364266
1536860100000,347996
1536860400000,327746
1536860700000,314127
1536861000000,298267
1536861300000,284361
1536861600000,268743
1536861900000,258321
1536862200000,256849
1536862500000,230298
1536862800000,227086
1536863100000,213577
1536863400000,198523
1536863700000,194700
1536864000000,184625
1536864300000,181815
1536864600000,170727
1536864900000,169486
1536865200000,167471
1536865500000,165356
1536865800000,157995
1536866100000,150037
1536866400000,152637
1536866700000,151357
1536867000000,145704
1536867300000,150169
1536867600000,139884
1536867900000,139244
1536868200000,145928
1536868500000,143830
1536868800000,144919
1536869100000,149452
1536869400000,145554
1536869700000,145790
1536870000000,148139
1536870300000,159512
1536870600000,155738
1536870900000,166317
1536871200000,172892
1536871500000,177057
1536871800000,168304
1536872100000,179068
1536872400000,190543
1536872700000,204584
1536873000000,219313
1536873300000,223468
1536873600000,246220
1536873900000,265143
1536874200000,287975
1536874500000,310556
1536874800000,328496
1536875100000,376270
1536875400000,412728
1536875700000,451272
1536876000000,517329
1536876300000,577629
1536876600000,600534
1536876900000,631094
1536877200000,685787
1536877500000,734687
1536877800000,790637
1536878100000,807244
1536878400000,841322
1536878700000,876320
1536879000000,910655
1536879300000,930490
1536879600000,950314
1536879900000,955399
1536880200000,961219
1536880500000,952360
1536880800000,989858
1536881100000,996983
1536881400000,1001229
1536881700000,1006945
1536882000000,997677
1536882300000,1013507
1536882600000,1046402
1536882900000,1097184
1536883200000,1114207
1536883500000,1147095
1536883800000,1157155
1536884100000,1207665
1536884400000,1240620
1536884700000,1272107
1536885000000,1285596
1536885300000,1301309
1536885600000,1352190
1536885900000,1380526
1536886200000,1395081
1536886500000,1439937
1536886800000,1509063
1536887100000,1566291
1536887400000,1668776
1536887700000,1650553
1536888000000,1602440
1536888300000,1589405
1536888600000,1585103
1536888900000,1638117
1536889200000,1641629
1536889500000,1670522
1536889800000,1644148
1536890100000,1678736
1536890400000,1760164
1536890700000,1738065
1536891000000,1691892
1536891300000,1699733
1536891600000,1743888
1536891900000,1750837
1536892200000,1691212
1536892500000,1817744
1536892800000,1810716
1536893100000,1775225
1536893400000,1802074
1536893700000,1758440
1536894000000,1742546
1536894300000,1972985
1536894600000,1941478
1536894900000,1815831
1536895200000,1791006
1536895500000,1730951
1536895800000,1660525
1536896100000,1619865
1536896400000,1634223
1536896700000,1651100
1536897000000,1655806
1536897300000,1661964
1536897600000,1675637
1536897900000,1664882
1536898200000,1659292
1536898500000,1690028
1536898800000,1737705
1536899100000,1707723
1536899400000,1734784
1536899700000,1727655
1536900000000,1734327
1536900300000,1729731
1536900600000,1730442
1536900900000,1740316
1536901200000,1709075
1536901500000,1661255
1536901800000,1621515
1536902100000,1620353
1536902400000,1610799
1536902700000,1588522
1536903000000,1562095
1536903300000,1554875
1536903600000,1514223
1536903900000,1550292
1536904200000,1562121
1536904500000,1553026
1536904800000,1584704
1536905100000,1570719
1536905400000,1573223
1536905700000,1590051
1536906000000,1583068
1536906300000,1582739
1536906600000,1549276
1536906900000,1543891
1536907200000,1545399
1536907500000,1533702
1536907800000,1538759
1536908100000,1523385
1536908400000,1559558
1536908700000,1587628
1536909000000,1535043
1536909300000,1517300
1536909600000,1489540
1536909900000,1500669
1536910200000,1491132
1536910500000,1504533
1536910800000,1498188
1536911100000,1517033
1536911400000,1499146
1536911700000,1500931
1536912000000,1502830
1536912300000,1489650
1536912600000,1465428
1536912900000,1474841
1536913200000,1475580
1536913500000,1433058
1536913800000,1450494
1536914100000,1448997
1536914400000,1443401
1536914700000,1478208
1536915000000,1460531
1536915300000,1423420
1536915600000,1411688
1536915900000,1412313
1536916200000,1356543
1536916500000,1387213
1536916800000,1352363
1536917100000,1384125
1536917400000,1446254
1536917700000,1456991
1536918000000,1523637
1536918300000,1546513
1536918600000,1520288
1536918900000,1473414
1536919200000,1488150
1536919500000,1464130
1536919800000,1481288
1536920100000,1495058
1536920400000,1384306
1536920700000,1334546
1536921000000,1324552
1536921300000,1393742
1536921600000,1394379
1536921900000,1429644
1536922200000,1472043
1536922500000,1494541
1536922800000,1515254
1536923100000,1509694
1536923400000,1605460
1536923700000,1635163
1536924000000,1671028
1536924300000,1735202
1536924600000,2047814
1536924900000,2529997
1536925200000,2635535
1536925500000,2674879
1536925800000,2780306
1536926100000,2759496
1536926400000,2805841
1536926700000,2914917
1536927000000,2939056
1536927300000,2983859
1536927600000,2768882
1536927900000,1961346
1536928200000,1860274
1536928500000,2006711
1536928800000,2435936
1536929100000,2782339
1536929400000,3052720
1536929700000,3153972
1536930000000,3325851
1536930300000,3471385
1536930600000,3829949
1536930900000,3747525
1536931200000,3610312
1536931500000,3826903
1536931800000,3049737
1536932100000,2076487
1536932400000,1901442
1536932700000,1815672
1536933000000,1747148
1536933300000,1691971
1536933600000,1658566
1536933900000,1644882
1536934200000,1627123
1536934500000,1587362
1536934800000,1615269
1536935100000,1622085
1536935400000,1583494
1536935700000,1524009
1536936000000,1517886
1536936300000,1480884
1536936600000,1473248
1536936900000,1414437
1536937200000,1378508
1536937500000,1344028
1536937800000,1324285
1536938100000,1282411
1536938400000,1218950
1536938700000,1193233
1536939000000,1175773
1536939300000,1135483
1536939600000,1049150
1536939900000,1021632
1536940200000,1019847
1536940500000,929274
